-- MySQL dump 10.13  Distrib 8.0.31, for Linux (x86_64)
--
-- Host: akc353.encs.concordia.ca    Database: akc353_4
-- ------------------------------------------------------
-- Server version	8.0.31

/*!40101 SET @OLD_CHARACTER_SET_CLIENT=@@CHARACTER_SET_CLIENT */;
/*!40101 SET @OLD_CHARACTER_SET_RESULTS=@@CHARACTER_SET_RESULTS */;
/*!40101 SET @OLD_COLLATION_CONNECTION=@@COLLATION_CONNECTION */;
/*!50503 SET NAMES utf8mb4 */;
/*!40103 SET @OLD_TIME_ZONE=@@TIME_ZONE */;
/*!40103 SET TIME_ZONE='+00:00' */;
/*!40014 SET @OLD_UNIQUE_CHECKS=@@UNIQUE_CHECKS, UNIQUE_CHECKS=0 */;
/*!40014 SET @OLD_FOREIGN_KEY_CHECKS=@@FOREIGN_KEY_CHECKS, FOREIGN_KEY_CHECKS=0 */;
/*!40101 SET @OLD_SQL_MODE=@@SQL_MODE, SQL_MODE='NO_AUTO_VALUE_ON_ZERO' */;
/*!40111 SET @OLD_SQL_NOTES=@@SQL_NOTES, SQL_NOTES=0 */;

--
-- Table structure for table `EmailLogs`
--

DROP TABLE IF EXISTS `EmailLogs`;
/*!40101 SET @saved_cs_client     = @@character_set_client */;
/*!50503 SET character_set_client = utf8mb4 */;
CREATE TABLE `EmailLogs` (
  `SentOn` datetime NOT NULL,
  `Sender` varchar(50) COLLATE utf8mb3_unicode_ci NOT NULL,
  `Recipient` varchar(50) COLLATE utf8mb3_unicode_ci NOT NULL,
  `Subject` varchar(200) COLLATE utf8mb3_unicode_ci NOT NULL,
  `Content` varchar(100) COLLATE utf8mb3_unicode_ci NOT NULL,
  PRIMARY KEY (`SentOn`,`Sender`,`Recipient`,`Subject`)
) ENGINE=InnoDB DEFAULT CHARSET=utf8mb3 COLLATE=utf8mb3_unicode_ci;
/*!40101 SET character_set_client = @saved_cs_client */;

--
-- Dumping data for table `EmailLogs`
--

LOCK TABLES `EmailLogs` WRITE;
/*!40000 ALTER TABLE `EmailLogs` DISABLE KEYS */;
/*!40000 ALTER TABLE `EmailLogs` ENABLE KEYS */;
UNLOCK TABLES;


--
-- Table structure for table `Persons`
--

DROP TABLE IF EXISTS `Persons`;
/*!40101 SET @saved_cs_client     = @@character_set_client */;
/*!50503 SET character_set_client = utf8mb4 */;
CREATE TABLE `Persons` (
  `SSN` int DEFAULT NULL,
  `Medicare` char(12) COLLATE utf8mb3_unicode_ci NOT NULL,
  `FirstName` varchar(30) COLLATE utf8mb3_unicode_ci NOT NULL,
  `LastName` varchar(30) COLLATE utf8mb3_unicode_ci NOT NULL,
  `DOB` date NOT NULL,
  `Telephone` char(10) COLLATE utf8mb3_unicode_ci DEFAULT NULL,
  `Citizenship` varchar(30) COLLATE utf8mb3_unicode_ci DEFAULT NULL,
  `Email` varchar(320) COLLATE utf8mb3_unicode_ci DEFAULT NULL,
  `Occupation` varchar(30) COLLATE utf8mb3_unicode_ci DEFAULT NULL,
  PRIMARY KEY (`Medicare`),
  UNIQUE KEY `Medicare` (`Medicare`),
  UNIQUE KEY `SSN` (`SSN`),
  UNIQUE KEY `Telephone` (`Telephone`)
) ENGINE=InnoDB DEFAULT CHARSET=utf8mb3 COLLATE=utf8mb3_unicode_ci;
/*!40101 SET character_set_client = @saved_cs_client */;

SELECT Employees.SSN, Employees.Role, Persons.Medicare
FROM Employees
JOIN Persons ON Employees.SSN = Persons.SSN;

--
-- Dumping data for table `Persons`
--

LOCK TABLES `Persons` WRITE;
/*!40000 ALTER TABLE `Persons` DISABLE KEYS */;
INSERT INTO `Persons` VALUES (202078693,'ABBR45321406','Ruth','Abbott','1992-01-15','4505106389','Canadian','Ruth_Abbott1@yahoo.com',NULL),(312413745,'ABEK47549964','Kendra','Abernathy','1970-01-10','5145109064','Canadian','Kendra_Abernathy@gmail.com',NULL),(696511034,'ABER33075303','Reginald','Abernathy','1986-08-28','5145506129','Canadian','Reginald81@yahoo.com',NULL),(436899010,'ABSE23502707','Eileen','Abshire','2000-10-19','4506973391','Canadian','Eileen71@gmail.com',NULL),(324776587,'ABSL54917828','Lorena','Abshire','1983-06-20','5145808082','Canadian','Lorena_Abshire91@yahoo.com',NULL),(262574267,'ALTC66478370','Corey','Altenwerth','1957-09-28','5145741223','Canadian','Corey_Altenwerth37@hotmail.com',NULL),(454771239,'ARMB22146474','Brenda','Armstrong','1967-05-27','4385630473','Canadian','Brenda18@hotmail.com',NULL),(539128799,'AUEJ48660258','Johnnie','Auer','1996-02-27','4385211190','Canadian','Johnnie70@hotmail.com',NULL),(695510874,'AUEL53954561','Leigh','Auer','1974-07-15','5145154927','Canadian','Leigh93@hotmail.com',NULL),(225999716,'AUFJ45890325','Javier','Aufderhar','1990-08-21','5145450125','Canadian','Javier_Aufderhar96@hotmail.com',NULL),(628526512,'BAIA53709058','Agnes','Bailey','1987-01-11','4385424564','Canadian','Agnes_Bailey@hotmail.com',NULL),(610235198,'BAIB52059392','Bertha','Bailey','1963-11-05','4385093089','Canadian','Bertha_Bailey@hotmail.com',NULL),(459108062,'BAIE54495841','Erma','Bailey','1976-09-12','5145170013','Canadian','Erma.Bailey@gmail.com',NULL),(596387382,'BAIG60516422','Gwen','Bailey','2001-05-31','5145464824','Canadian','Gwen.Bailey@gmail.com',NULL),(328092673,'BAIJ44927716','Jake','Bailey','1959-03-28','4385984414','Canadian','Jake19@yahoo.com',NULL),(247154731,'BAIV33485263','Viola','Bailey','1964-06-18','4385805841','Canadian','Viola59@gmail.com',NULL),(536768187,'BALM54502435','Minnie','Balistreri','1965-03-11','4505999162','Canadian','Minnie.Balistreri58@gmail.com',NULL),(528690092,'BALY65756510','Yvonne','Balistreri','1968-11-14','4385146945','Canadian','Yvonne_Balistreri@yahoo.com',NULL),(319181885,'BARA40014282','Agnes','Bartell','1994-10-12','4385360818','Canadian','Agnes20@yahoo.com',NULL),(681611553,'BARF62287264','Franklin','Barrows','1997-02-22','4505888882','Canadian','Franklin24@hotmail.com',NULL),(628746021,'BARJ29017233','Jody','Bartoletti','1956-11-13','4505430267','Canadian','Jody_Bartoletti@hotmail.com',NULL),(405288955,'BAST21989664','Toni','Bashirian','1999-02-05','4505553236','Canadian','Toni26@hotmail.com',NULL),(323377813,'BATA33240107','Andy','Batz','1964-03-26','5145764753','Canadian','Andy.Batz@hotmail.com',NULL),(252587102,'BATA46640379','Aaron','Batz','1982-11-02','4505083173','Canadian','Aaron45@gmail.com',NULL),(499698344,'BATG45534872','Greg','Batz','1969-04-12','4385575692','Canadian','Greg94@gmail.com',NULL),(208533304,'BATJ32569376','Joseph','Batz','1987-09-18','5145793846','Canadian','Joseph.Batz93@gmail.com',NULL),(291950429,'BATT48029711','Timmy','Batz','1989-09-19','5145996534','Canadian','Timmy.Batz94@gmail.com',NULL),(609954743,'BAUD53115017','Della','Baumbach','1970-06-10','4505120073','Canadian','Della_Baumbach23@gmail.com',NULL),(315053343,'BAUK69891804','Karen','Bauch','1983-11-26','5145193878','Canadian','Karen90@gmail.com',NULL),(426006420,'BAUL62030591','Lucille','Bauch','1983-11-04','5145526062','Canadian','Lucille75@gmail.com',NULL),(477150190,'BAUL63201950','Laura','Baumbach','1955-05-21','4385888826','Canadian','Laura_Baumbach64@yahoo.com',NULL),(524527142,'BAUT28796306','Terrence','Baumbach','1986-02-27','4385629109','Canadian','Terrence42@hotmail.com',NULL),(453682570,'BEAM68886260','Mack','Beahan','1958-05-16','4385642286','Canadian','Mack22@gmail.com',NULL),(398621288,'BECJ38258302','Joel','Becker','1985-12-01','4385643141','Canadian','Joel38@yahoo.com',NULL),(557320509,'BEEM43139377','Marcia','Beer','1971-12-13','4505586020','Canadian','Marcia93@gmail.com',NULL),(344468602,'BEIC23140979','Candace','Beier','1975-07-20','5145119004','Canadian','Candace_Beier5@gmail.com',NULL),(483855612,'BEIE67551278','Everett','Beier','2000-09-06','5145205315','Canadian','Everett_Beier@yahoo.com',NULL),(480505729,'BEIS21181529','Sheldon','Beier','1996-09-01','4505841664','Canadian','Sheldon22@gmail.com',NULL),(283476908,'BERA62765485','Amy','Berge','1954-02-23','5145900926','Canadian','Amy_Berge85@gmail.com',NULL),(341942457,'BERB52160238','Brandi','Bernier','2002-08-11','5145534306','Canadian','Brandi_Bernier@yahoo.com',NULL),(435516693,'BERJ65549642','Jamie','Bernhard','1967-06-30','4505970475','Canadian','Jamie.Bernhard76@gmail.com',NULL),(222893560,'BERM61950252','Morris','Bernhard','1992-12-17','5145247301','Canadian','Morris_Bernhard8@hotmail.com',NULL),(661554617,'BERS47835599','Seth','Bernier','1997-06-06','5145655781','Canadian','Seth.Bernier@hotmail.com',NULL),(515335448,'BINA58035987','Alfred','Bins','1986-07-09','5145574050','Canadian','Alfred6@yahoo.com',NULL),(682690302,'BINI20597506','Ismael','Bins','1964-10-23','4385080750','Canadian','Ismael.Bins@hotmail.com',NULL),(519708605,'BLAR47296802','Rosemarie','Blanda','1956-06-16','5145348655','Canadian','Rosemarie_Blanda59@hotmail.com',NULL),(622567911,'BLOR21315265','Roger','Block','1994-10-24','5145147288','Canadian','Roger.Block19@hotmail.com',NULL),(496926997,'BODG52704009','Guadalupe','Bode','1980-01-24','5145639103','Canadian','Guadalupe67@yahoo.com',NULL),(542438345,'BODT41338718','Tammy','Bode','1980-11-08','4505359415','Canadian','Tammy_Bode@hotmail.com',NULL),(642584138,'BORA58088578','Adam','Borer','1983-08-31','5145691828','Canadian','Adam69@hotmail.com',NULL),(475441317,'BOTC45916102','Claudia','Botsford','1988-03-21','4385814074','Canadian','Claudia.Botsford32@gmail.com',NULL),(267107489,'BOYC28422239','Cornelius','Boyer','1982-03-02','4385859221','Canadian','Cornelius12@yahoo.com',NULL),(468530574,'BRAF27194565','Faith','Brakus','2004-01-26','5145686867','Canadian','Faith_Brakus66@yahoo.com',NULL),(272476590,'BRAM31464095','Monica','Bradtke','2000-05-30','5145622508','Canadian','Monica_Bradtke@yahoo.com',NULL),(699371977,'BRAN29727836','Nichole','Brakus','1968-09-13','5145151127','Canadian','Nichole.Brakus14@yahoo.com',NULL),(378187003,'BREA34711602','Annie','Breitenberg','1983-03-18','4385448450','Canadian','Annie.Breitenberg31@yahoo.com',NULL),(480771079,'BROR67329297','Rachel','Brown','1990-04-01','4505250965','Canadian','Rachel_Brown@gmail.com',NULL),(488005420,'BRUS64833942','Salvatore','Bruen','2001-08-22','4505827779','Canadian','Salvatore_Bruen@gmail.com',NULL),(690652345,'BUCP51135459','Patty','Buckridge','1968-11-29','5145884464','Canadian','Patty_Buckridge@hotmail.com',NULL),(625036841,'CARB38540068','Bridget','Carter','1985-07-26','4385028274','Canadian','Bridget.Carter45@yahoo.com',NULL),(400604207,'CASD45703664','Don','Casper','1976-10-16','5145885418','Canadian','Don41@gmail.com',NULL),(679395707,'CASG24189995','Glenda','Cassin','1961-10-15','4385123624','Canadian','Glenda46@yahoo.com',NULL),(504534514,'CASR23983423','Rosa','Cassin','1982-06-07','4505973391','Canadian','Rosa.Cassin@hotmail.com',NULL),(514287936,'CASS39640077','Sheila','Casper','1994-10-28','4505917608','Canadian','Sheila_Casper@hotmail.com',NULL),(547378444,'CHAC30753384','Charlotte','Champlin','1987-05-30','4505458475','Canadian','Charlotte_Champlin@hotmail.com',NULL),(222937868,'CHAJ23046863','Joanne','Champlin','1990-06-23','5145492371','Canadian','Joanne45@yahoo.com',NULL),(675257681,'CHRS36992021','Sylvia','Christiansen','1982-09-19','4385411037','Canadian','Sylvia.Christiansen33@hotmail.com',NULL),(399709777,'COLD36418412','Delores','Collier','1955-05-27','4505674128','Canadian','Delores_Collier@yahoo.com',NULL),(665593063,'COLH33140793','Hugh','Cole','2000-10-08','5145519230','Canadian','Hugh.Cole@hotmail.com',NULL),(586975485,'COLR36236263','Ruben','Collier','1986-05-25','4505286793','Canadian','Ruben17@gmail.com',NULL),(548620647,'CONB44706182','Bill','Conn','1984-12-17','4505539386','Canadian','Bill49@yahoo.com',NULL),(561640437,'COND50674034','Derek','Connelly','1989-10-24','4505842941','Canadian','Derek_Connelly27@hotmail.com',NULL),(306635426,'CONL38773361','Laverne','Conn','1956-09-07','4385162564','Canadian','Laverne.Conn13@gmail.com',NULL),(319139548,'CONM47222360','Michael','Connelly','1955-11-08','4505920828','Canadian','Michael35@yahoo.com',NULL),(308179505,'CONM66228741','Marco','Conn','1966-04-16','4505122566','Canadian','Marco.Conn4@hotmail.com',NULL),(450635885,'CONS29381294','Susan','Connelly','1962-03-18','5145953434','Canadian','Susan_Connelly@hotmail.com',NULL),(305122660,'CONS29559763','Stephanie','Conn','1998-08-05','4505932959','Canadian','Stephanie.Conn@gmail.com',NULL),(500863484,'CORF23919861','Faith','Cormier','1963-07-27','5145267740','Canadian','Faith_Cormier80@yahoo.com',NULL),(565105547,'CRIR68446509','Roderick','Crist','1978-09-13','5145539068','Canadian','Roderick_Crist5@yahoo.com',NULL),(537479482,'CROB22744894','Blanche','Crona','1957-11-06','4385410463','Canadian','Blanche.Crona74@hotmail.com',NULL),(459713296,'CROC20453338','Cynthia','Crona','1976-03-13','4505556264','Canadian','Cynthia92@gmail.com',NULL),(468099609,'CROC68293295','Chester','Crooks','1962-10-08','4385805701','Canadian','Chester2@hotmail.com',NULL),(230730786,'CROD21905275','Diane','Cronin','1995-11-02','4385170157','Canadian','Diane89@gmail.com',NULL),(350013510,'CUMJ21043550','Jeanette','Cummerata','1961-10-19','5145754884','Canadian','Jeanette_Cummerata14@hotmail.com',NULL),(332916886,'DAMK29908371','Kathy','D\'Amore','1961-12-28','5145434065','Canadian','Kathy57@yahoo.com',NULL),(411606930,'DANP60143969','Paulette','Daniel','1989-12-17','4505261370','Canadian','Paulette_Daniel14@gmail.com',NULL),(248917772,'DANV39617641','Velma','Daniel','1988-08-10','4505726817','Canadian','Velma95@yahoo.com',NULL),(659958776,'DAUD59656599','Darryl','Daugherty','1982-01-24','4505083575','Canadian','Darryl.Daugherty@hotmail.com',NULL),(493066344,'DECR66087832','Roman','Deckow','1991-01-24','4385943321','Canadian','Roman.Deckow@yahoo.com',NULL),(600005637,'DENB33260196','Boyd','Denesik','1956-01-24','4505815003','Canadian','Boyd_Denesik30@yahoo.com',NULL),(389130256,'DENB43000231','Beulah','Denesik','1990-11-24','5145556390','Canadian','Beulah65@yahoo.com',NULL),(332553653,'DENM66019324','Mario','Denesik','1986-09-15','4505681994','Canadian','Mario80@hotmail.com',NULL),(267108217,'DICE43213155','Elmer','Dicki','1973-08-27','5145536972','Canadian','Elmer.Dicki@gmail.com',NULL),(211969713,'DICK42993214','Kayla','Dickens','1983-10-14','5145786187','Canadian','Kayla_Dickens94@yahoo.com',NULL),(598463622,'DICR43967645','Rosie','Dickens','1988-01-21','5145339727','Canadian','Rosie.Dickens@gmail.com',NULL),(695381047,'DOOS65634699','Sammy','Dooley','1994-09-10','4505594252','Canadian','Sammy53@yahoo.com',NULL),(512274629,'DOOW47551816','Warren','Dooley','2000-09-19','4385089040','Canadian','Warren_Dooley@hotmail.com',NULL),(690890159,'DOYM56803734','Monique','Doyle','1986-02-18','5145529432','Canadian','Monique_Doyle@yahoo.com',NULL),(325071345,'EBEF53262881','Francis','Ebert','1998-02-04','5145091397','Canadian','Francis92@yahoo.com',NULL),(589502699,'EBEM61105010','Miriam','Ebert','1964-09-18','4385668256','Canadian','Miriam.Ebert@hotmail.com',NULL),(317575975,'EFFN58816245','Nettie','Effertz','1984-10-09','4385092358','Canadian','Nettie.Effertz@yahoo.com',NULL),(629394313,'EFFR44694389','Rosa','Effertz','1966-03-30','4505781613','Canadian','Rosa.Effertz@yahoo.com',NULL),(641357090,'EMMS69214446','Stacy','Emmerich','1963-05-22','5145420329','Canadian','Stacy.Emmerich82@gmail.com',NULL),(694466010,'FADJ44801958','Jeannie','Fadel','1966-10-20','4385193250','Canadian','Jeannie_Fadel@hotmail.com',NULL),(437972732,'FAHW22926723','Wallace','Fahey','1999-08-04','4385839278','Canadian','Wallace_Fahey@gmail.com',NULL),(321872488,'FARC65945987','Crystal','Farrell','1975-08-04','4385978301','Canadian','Crystal.Farrell98@yahoo.com',NULL),(207716654,'FARE64867567','Elvira','Farrell','1984-09-19','5145118448','Canadian','Elvira28@hotmail.com',NULL),(345514976,'FAYB68385068','Bertha','Fay','1990-01-05','4505513495','Canadian','Bertha61@gmail.com',NULL),(545954598,'FEED24859491','Deanna','Feeney','1956-11-06','4505815710','Canadian','Deanna_Feeney94@yahoo.com',NULL),(324533253,'FEEJ21509297','Jeannie','Feeney','1979-05-29','4385079885','Canadian','Jeannie87@gmail.com',NULL),(236569667,'FEEL62014641','Lillie','Feest','1954-03-21','5145932870','Canadian','Lillie_Feest@hotmail.com',NULL),(670562477,'FEEW25526133','Wanda','Feest','1990-06-01','5145888162','Canadian','Wanda.Feest31@gmail.com',NULL),(473474495,'FEIF46913625','Frank','Feil','1963-12-08','5145066799','Canadian','Frank16@hotmail.com',NULL),(693488915,'FERJ36880300','Jeremy','Ferry','1982-12-23','4505250272','Canadian','Jeremy_Ferry58@hotmail.com',NULL),(502194007,'FERS23811966','Sean','Ferry','1964-04-20','5145861077','Canadian','Sean_Ferry@yahoo.com',NULL),(211613017,'FLAS60828136','Sheryl','Flatley','1990-08-25','4505275735','Canadian','Sheryl24@yahoo.com',NULL),(490640738,'FRAJ23475392','Julian','Franecki','1999-12-22','4505241387','Canadian','Julian_Franecki5@gmail.com',NULL),(659152394,'FRIE59052256','Estelle','Fritsch','1990-12-01','4385288949','Canadian','Estelle.Fritsch33@hotmail.com',NULL),(415374513,'FRIG50065514','Grace','Fritsch','1990-08-26','5145564269','Canadian','Grace.Fritsch@hotmail.com',NULL),(316697342,'FRIR22725206','Ramona','Friesen','1986-08-26','5145383291','Canadian','Ramona_Friesen@yahoo.com',NULL),(311590395,'FRIR24372516','Raymond','Friesen','1964-01-10','5145606456','Canadian','Raymond_Friesen@yahoo.com',NULL),(266690394,'FRIS46726072','Sherry','Fritsch','1998-01-30','4385289573','Canadian','Sherry_Fritsch87@gmail.com',NULL),(562144165,'FUNK59543770','Kristie','Funk','2000-04-23','5145120367','Canadian','Kristie41@yahoo.com',NULL),(464225799,'GAYA22082147','Allen','Gaylord','1973-11-25','5145555937','Canadian','Allen_Gaylord37@yahoo.com',NULL),(692706101,'GAYC34077457','Christine','Gaylord','1975-01-30','4505504693','Canadian','Christine55@gmail.com',NULL),(523759400,'GAYM23318620','Marty','Gaylord','1965-04-06','4385859677','Canadian','Marty73@hotmail.com',NULL),(430439016,'GERD42247493','Dora','Gerhold','1968-08-01','4505418741','Canadian','Dora_Gerhold@yahoo.com',NULL),(235441252,'GLEA25278515','Alan','Gleason','2003-05-01','4505451149','Canadian','Alan.Gleason@gmail.com',NULL),(579095721,'GLEL47270776','Lamar','Gleason','1968-03-22','4385313828','Canadian','Lamar55@gmail.com',NULL),(478842372,'GLOC22404521','Camille','Glover','1990-07-21','4505187929','Canadian','Camille20@gmail.com',NULL),(333830706,'GLOK54220073','Kathy','Glover','1978-10-01','4385155183','Canadian','Kathy_Glover@hotmail.com',NULL),(532771903,'GOLH27737174','Helen','Goldner','1967-07-20','4505646056','Canadian','Helen95@yahoo.com',NULL),(604379317,'GOLL20427898','Lindsay','Goldner','2003-08-04','4505618129','Canadian','Lindsay.Goldner21@hotmail.com',NULL),(248861715,'GOLL50473237','Lisa','Goldner','1974-04-08','5145463195','Canadian','Lisa56@gmail.com',NULL),(294744928,'GOOL65768801','Lola','Goodwin','2000-06-23','4385159438','Canadian','Lola.Goodwin@gmail.com',NULL),(403837075,'GOOM52995123','Michael','Goodwin','1973-05-25','4505945762','Canadian','Michael80@hotmail.com',NULL),(535780597,'GORN36800988','Natasha','Gorczany','1992-07-06','4505262470','Canadian','Natasha_Gorczany86@hotmail.com',NULL),(509339934,'GOYM30815283','Mary','Goyette','1962-03-08','5145616293','Canadian','Mary74@yahoo.com',NULL),(375782375,'GRAA67370735','Annie','Grant','1997-06-30','4385142441','Canadian','Annie.Grant@yahoo.com',NULL),(513823700,'GRAG63699652','Ginger','Grady','1996-08-18','5145844664','Canadian','Ginger.Grady0@yahoo.com',NULL),(571419508,'GRAH64205574','Henrietta','Grant','1985-03-12','5145800936','Canadian','Henrietta_Grant24@gmail.com',NULL),(636637846,'GRAR30964832','Robert','Graham','1968-01-17','4385962468','Canadian','Robert.Graham@hotmail.com',NULL),(489222326,'GREA22065911','Angela','Greenholt','1991-01-12','5145186678','Canadian','Angela.Greenholt37@gmail.com',NULL),(663615868,'GREJ41771269','Jon','Greenfelder','1980-01-01','5145330119','Canadian','Jon_Greenfelder@gmail.com',NULL),(210325836,'GRIC48463897','Cody','Grimes','1996-08-18','4505280321','Canadian','Cody_Grimes@yahoo.com',NULL),(269892250,'GULH30988602','Hope','Gulgowski','1994-01-20','4505928610','Canadian','Hope80@gmail.com',NULL),(655368305,'GULR35430820','Ramiro','Gulgowski','1998-12-31','5145799959','Canadian','Ramiro_Gulgowski@yahoo.com',NULL),(657411583,'GUSG54846602','Geneva','Gusikowski','1999-06-23','4505597797','Canadian','Geneva.Gusikowski@hotmail.com',NULL),(508781548,'HAAR21424586','Rudolph','Haag','1961-03-21','5145441110','Canadian','Rudolph_Haag11@gmail.com',NULL),(599619733,'HALP27821710','Pedro','Haley','1988-07-19','4385752040','Canadian','Pedro25@yahoo.com',NULL),(428755632,'HAMP38397188','Preston','Hammes','2000-05-26','4505964738','Canadian','Preston70@yahoo.com',NULL),(639093476,'HAMV60755714','Virginia','Hammes','1971-10-16','4505676749','Canadian','Virginia77@yahoo.com',NULL),(325506412,'HANG27061389','Gustavo','Hane','1977-09-08','4385838552','Canadian','Gustavo.Hane@gmail.com',NULL),(481534852,'HANJ24546596','Judy','Hand','2002-06-28','5145503628','Canadian','Judy_Hand51@yahoo.com',NULL),(218029537,'HANL41822543','Lee','Hansen','1984-07-06','4385366672','Canadian','Lee.Hansen@gmail.com',NULL),(300618776,'HANM68602929','Marcia','Hansen','1994-01-28','4385382624','Canadian','Marcia_Hansen@yahoo.com',NULL),(684281834,'HANM68752757','Marc','Hansen','1965-02-24','4385706398','Canadian','Marc.Hansen@hotmail.com',NULL),(477846323,'HARA40874544','Alfred','Harris','1988-12-11','4385379184','Canadian','Alfred_Harris@hotmail.com',NULL),(380792065,'HARW30918506','Winifred','Harvey','1988-07-17','4505415424','Canadian','Winifred.Harvey58@yahoo.com',NULL),(441224104,'HAUJ21796375','Joey','Hauck','1972-05-18','4385018890','Canadian','Joey_Hauck86@hotmail.com',NULL),(269441580,'HAYP41637501','Paula','Hayes','1961-01-11','4385167227','Canadian','Paula94@yahoo.com',NULL),(492884766,'HAYT40778094','Tanya','Hayes','1981-08-26','5145142556','Canadian','Tanya.Hayes@yahoo.com',NULL),(277406467,'HEAH37459408','Harry','Heathcote','1983-02-08','4385285892','Canadian','Harry22@yahoo.com',NULL),(485027358,'HEAJ38513047','Juana','Heathcote','1972-11-15','5145427179','Canadian','Juana.Heathcote27@hotmail.com',NULL),(539226792,'HEAM55232954','Melinda','Heathcote','1965-01-07','4385325323','Canadian','Melinda_Heathcote@gmail.com',NULL),(640560246,'HEGP65861444','Preston','Hegmann','1979-01-30','4385841590','Canadian','Preston42@hotmail.com',NULL),(576248710,'HEIS34604294','Sonia','Heidenreich','1970-05-17','4385885145','Canadian','Sonia_Heidenreich@yahoo.com',NULL),(641184895,'HERJ50380770','Jose','Hermiston','1973-12-24','4505201592','Canadian','Jose_Hermiston@gmail.com',NULL),(324772103,'HERL44890614','Lawrence','Herman','1964-07-31','4385244977','Canadian','Lawrence_Herman@yahoo.com',NULL),(661542420,'HERM26865037','Mattie','Hermann','2002-12-05','4505423450','Canadian','Mattie53@hotmail.com',NULL),(254564895,'HERS47597462','Sheila','Hermann','1978-11-26','4505506393','Canadian','Sheila1@gmail.com',NULL),(240748419,'HESE58777728','Emilio','Hessel','1956-07-11','5145059592','Canadian','Emilio.Hessel@yahoo.com',NULL),(570886481,'HICT51798647','Terry','Hickle','1999-07-19','4385727127','Canadian','Terry92@gmail.com',NULL),(682619751,'HILC48587688','Carolyn','Hills','1960-02-05','4385146335','Canadian','Carolyn.Hills@hotmail.com',NULL),(606449712,'HILC59907089','Calvin','Hilll','1988-12-21','4385096840','Canadian','Calvin_Hilll@hotmail.com',NULL),(318877091,'HINR61202064','Ralph','Hintz','1960-10-18','5145487331','Canadian','Ralph_Hintz10@gmail.com',NULL),(686818457,'HOEB57893925','Bert','Hoeger','1982-12-28','5145841021','Canadian','Bert85@gmail.com',NULL),(682730390,'HOEC30611019','Chelsea','Hoeger','1966-12-05','5145908764','Canadian','Chelsea_Hoeger25@gmail.com',NULL),(672277101,'HOEC53265028','Cynthia','Hoeger','1964-08-13','4505694244','Canadian','Cynthia.Hoeger57@yahoo.com',NULL),(321387930,'HOEE37754283','Elisa','Hoeger','1969-08-08','4385652617','Canadian','Elisa_Hoeger87@hotmail.com',NULL),(428224694,'HOEK46615103','Kelly','Hoeger','1987-11-21','4505032082','Canadian','Kelly_Hoeger38@hotmail.com',NULL),(386884571,'HOMA28707563','Adrian','Homenick','1967-11-02','4385877224','Canadian','Adrian.Homenick@gmail.com',NULL),(353820859,'HOPL50469267','Leona','Hoppe','2002-12-16','4385023331','Canadian','Leona.Hoppe68@hotmail.com',NULL),(225897036,'HUED40855397','Debra','Huel','1984-08-24','4385868009','Canadian','Debra_Huel11@yahoo.com',NULL),(686939458,'HYAI23676994','Ignacio','Hyatt','2001-06-28','4385764180','Canadian','Ignacio_Hyatt@hotmail.com',NULL),(513798891,'JACA53737414','Andres','Jacobson','1987-10-17','5145703850','Canadian','Andres_Jacobson@hotmail.com',NULL),(434484757,'JACJ57800642','Jeremiah','Jacobi','1993-10-16','4385311466','Canadian','Jeremiah.Jacobi16@yahoo.com',NULL),(595646164,'JACK34066077','Kristopher','Jacobs','1981-11-01','4385720983','Canadian','Kristopher_Jacobs69@gmail.com',NULL),(226194735,'JACR56393622','Raquel','Jacobs','1988-08-13','5145289080','Canadian','Raquel84@gmail.com',NULL),(542853585,'JAKJ33227269','Justin','Jakubowski','1998-11-06','4505449780','Canadian','Justin67@gmail.com',NULL),(382874297,'JAKM42179451','Michael','Jakubowski','1987-03-09','5145147880','Canadian','Michael.Jakubowski67@yahoo.com',NULL),(457766347,'JASE60544253','Ernesto','Jaskolski','1962-10-20','5145807867','Canadian','Ernesto_Jaskolski@gmail.com',NULL),(326547653,'JASP48757704','Patricia','Jast','1962-03-18','5145468880','Canadian','Patricia.Jast40@hotmail.com',NULL),(397367092,'JOHE58819431','Elizabeth','Johnston','1998-03-20','4505678695','Canadian','Elizabeth71@yahoo.com',NULL),(453534111,'JOHL61335880','Lisa','Johnson','1956-04-14','4385877597','Canadian','Lisa_Johnson77@hotmail.com',NULL),(458992810,'KEEC63093632','Carl','Keeling','1971-12-13','5145507300','Canadian','Carl.Keeling@gmail.com',NULL),(523439432,'KEEG55880937','Glenn','Keeling','1988-03-29','5145695566','Canadian','Glenn16@yahoo.com',NULL),(536544932,'KERB69906154','Brendan','Kertzmann','1976-02-01','4505122553','Canadian','Brendan75@yahoo.com',NULL),(553721030,'KERH26378898','Hilda','Kertzmann','1968-04-28','5145610804','Canadian','Hilda.Kertzmann@gmail.com',NULL),(585740150,'KERR27550274','Rudy','Kerluke','1977-12-15','5145425290','Canadian','Rudy.Kerluke@hotmail.com',NULL),(384829447,'KERS48049735','Samuel','Kertzmann','1985-12-21','4385605862','Canadian','Samuel.Kertzmann39@gmail.com',NULL),(546406204,'KIHL68625278','Leonard','Kihn','1969-12-12','4385927445','Canadian','Leonard.Kihn@gmail.com',NULL),(313131211,'KIHT43825642','Toby','Kihn','1994-05-24','4385373593','Canadian','Toby_Kihn6@gmail.com',NULL),(336768472,'KINB22546618','Belinda','King','1961-04-29','4505045438','Canadian','Belinda81@hotmail.com',NULL),(276303376,'KLIJ31775917','Jon','Kling','1972-08-15','5145509826','Canadian','Jon_Kling@gmail.com',NULL),(316731679,'KOEA42288740','Audrey','Koepp','1969-03-19','4385930992','Canadian','Audrey_Koepp@gmail.com',NULL),(573272324,'KOEA55507283','Andres','Koepp','2002-01-15','4385513193','Canadian','Andres.Koepp@gmail.com',NULL),(239241620,'KOEC46287268','Carl','Koepp','1959-07-13','5145859757','Canadian','Carl.Koepp62@gmail.com',NULL),(698465573,'KOEE44214314','Eduardo','Koepp','1981-08-28','5145425469','Canadian','Eduardo85@yahoo.com',NULL),(665380015,'KOEE46154453','Ebony','Koelpin','1958-10-22','4505658067','Canadian','Ebony.Koelpin49@yahoo.com',NULL),(496511672,'KOEL32837856','Lynda','Koelpin','1977-03-03','5145191776','Canadian','Lynda.Koelpin71@yahoo.com',NULL),(467095881,'KOES37407760','Susan','Koepp','1963-02-18','4505108777','Canadian','Susan.Koepp@hotmail.com',NULL),(534399042,'KOHJ57012981','Jill','Kohler','1990-11-23','5145617522','Canadian','Jill25@hotmail.com',NULL),(482360086,'KOSR57605171','Rudolph','Koss','1962-02-20','4385364729','Canadian','Rudolph.Koss97@hotmail.com',NULL),(378191056,'KOZJ37299403','Johnathan','Kozey','1970-04-15','4505246627','Canadian','Johnathan.Kozey90@yahoo.com',NULL),(488681249,'KRAD34671407','Derrick','Krajcik','1984-10-14','5145915127','Canadian','Derrick37@hotmail.com',NULL),(554418691,'KUHB23135625','Barry','Kuhic','1986-03-18','5145862019','Canadian','Barry.Kuhic61@gmail.com',NULL),(501333003,'KUHB55475086','Billie','Kuhlman','2001-10-26','4385260296','Canadian','Billie89@hotmail.com',NULL),(593878508,'KUHK67175184','Kelly','Kuhic','2003-09-01','4385948107','Canadian','Kelly.Kuhic@yahoo.com',NULL),(279682450,'KUHN28122191','Nettie','Kuhic','1997-09-06','4385865019','Canadian','Nettie.Kuhic3@gmail.com',NULL),(537738739,'KUHN40786340','Nettie','Kuhlman','1964-11-29','4385522057','Canadian','Nettie10@hotmail.com',NULL),(245031258,'KUHS28185020','Sophie','Kuhlman','1991-11-27','4505237100','Canadian','Sophie.Kuhlman@hotmail.com',NULL),(341763143,'KUHW24841693','Wanda','Kuhic','1967-12-31','4505927071','Canadian','Wanda64@gmail.com',NULL),(446794508,'KULE47242967','Ed','Kulas','1961-10-06','4505435509','Canadian','Ed52@gmail.com',NULL),(338894763,'KULM25260509','Miguel','Kulas','1965-04-09','5145720981','Canadian','Miguel30@gmail.com',NULL),(478841733,'KUNA42639254','Andre','Kunze','1970-04-11','4385007413','Canadian','Andre47@gmail.com',NULL),(514832132,'KUNB29217595','Brandy','Kunde','1985-07-28','4385468135','Canadian','Brandy_Kunde85@gmail.com',NULL),(226563893,'KUNG59348532','Gerardo','Kunze','1998-12-04','4385122565','Canadian','Gerardo45@yahoo.com',NULL),(409947114,'KUNT45993021','Traci','Kunde','1998-03-08','5145642605','Canadian','Traci.Kunde@hotmail.com',NULL),(279966198,'KUPA61472906','Anita','Kuphal','1991-04-09','5145819069','Canadian','Anita12@yahoo.com',NULL),(446317448,'KUVC47256318','Clarence','Kuvalis','1996-07-10','4385472736','Canadian','Clarence.Kuvalis7@yahoo.com',NULL),(584220755,'LABL40409117','Lowell','Labadie','1968-12-19','5145267216','Canadian','Lowell.Labadie93@hotmail.com',NULL),(300420213,'LABT50534971','Timothy','Labadie','1955-04-29','4385691716','Canadian','Timothy_Labadie@yahoo.com',NULL),(337546300,'LARJ40516416','Jason','Larson','2003-06-16','5145150252','Canadian','Jason26@gmail.com',NULL),(240670332,'LARL66492142','Laverne','Larkin','2000-08-15','4505610356','Canadian','Laverne.Larkin@hotmail.com',NULL),(640601714,'LARW37844393','Wallace','Larkin','1996-09-16','4385430962','Canadian','Wallace53@yahoo.com',NULL),(412546185,'LEDP43365411','Pat','Ledner','1959-08-01','5145792053','Canadian','Pat.Ledner@gmail.com',NULL),(452277527,'LEGS46791898','Shannon','Legros','1993-06-13','4385652758','Canadian','Shannon.Legros@yahoo.com',NULL),(294277033,'LEHA36520003','Alonzo','Lehner','1984-06-08','5145381373','Canadian','Alonzo89@gmail.com',NULL),(621804641,'LEMM41081263','Miguel','Lemke','2001-08-25','4385371571','Canadian','Miguel.Lemke@gmail.com',NULL),(338003334,'LEMM44061226','Mindy','Lemke','1997-12-19','4385362987','Canadian','Mindy_Lemke@hotmail.com',NULL),(518870867,'LESA44716601','Andre','Lesch','1975-07-19','4385911806','Canadian','Andre10@yahoo.com',NULL),(294209324,'LESR25315917','Randolph','Lesch','1971-11-02','5145497029','Canadian','Randolph56@yahoo.com',NULL),(443411171,'LEUD64008051','Dallas','Leuschke','1985-10-15','4505452354','Canadian','Dallas_Leuschke@gmail.com',NULL),(551431150,'LINB32589155','Bertha','Lindgren','1993-09-30','4505589517','Canadian','Bertha94@gmail.com',NULL),(693441174,'LINJ62012629','Jerome','Lindgren','1960-03-11','4385041579','Canadian','Jerome_Lindgren@gmail.com',NULL),(515226408,'LINM27085364','Mark','Lindgren','2002-08-27','4505505420','Canadian','Mark.Lindgren84@gmail.com',NULL),(395854765,'LINS63277320','Sheri','Lind','1979-09-18','4505544957','Canadian','Sheri46@hotmail.com',NULL),(522415042,'LITV45453938','Virginia','Littel','1955-10-24','5145600232','Canadian','Virginia.Littel28@hotmail.com',NULL),(425642925,'LOCG27230889','Gerard','Lockman','1999-07-29','4385853502','Canadian','Gerard_Lockman@yahoo.com',NULL),(219272004,'LUBN31985184','Nettie','Lubowitz','1997-02-21','5145685079','Canadian','Nettie_Lubowitz23@hotmail.com',NULL),(225763555,'LUBR30641649','Randal','Lubowitz','2001-11-19','4505190413','Canadian','Randal_Lubowitz76@hotmail.com',NULL),(298097829,'LUEJ56106567','Jimmy','Luettgen','1972-07-22','4505300219','Canadian','Jimmy_Luettgen@yahoo.com',NULL),(212445979,'LYNH30941736','Hazel','Lynch','1956-11-11','4505483801','Canadian','Hazel_Lynch@gmail.com',NULL),(578627435,'MACR40434921','Rosa','MacGyver','1997-07-10','5145480618','Canadian','Rosa.MacGyver8@yahoo.com',NULL),(613621043,'MAGE59522647','Elmer','Maggio','1991-06-26','5145581901','Canadian','Elmer.Maggio@hotmail.com',NULL),(263785884,'MAGL23775707','Lynne','Maggio','1971-11-02','5145175517','Canadian','Lynne.Maggio@gmail.com',NULL),(222545693,'MAGM53245931','Miranda','Maggio','1962-11-29','4385517529','Canadian','Miranda.Maggio@hotmail.com',NULL),(598498435,'MANA64231828','Angel','Mante','2002-04-06','4385189175','Canadian','Angel.Mante@hotmail.com',NULL),(251227589,'MANM22348080','Micheal','Mann','1962-08-13','4385232803','Canadian','Micheal.Mann@yahoo.com',NULL),(335122447,'MANT27763254','Toni','Mante','1982-04-04','4505760151','Canadian','Toni56@hotmail.com',NULL),(455247264,'MARV24335615','Viola','Marvin','2002-04-11','4505013287','Canadian','Viola_Marvin@yahoo.com',NULL),(250344156,'MAYA62294872','Alton','Mayer','1968-03-02','4505147095','Canadian','Alton_Mayer53@gmail.com',NULL),(464386476,'MCCJ35385910','Jim','McClure','1976-07-29','4505890328','Canadian','Jim.McClure@hotmail.com',NULL),(659691609,'MCCS30065840','Sherman','McClure','1962-06-08','5145210050','Canadian','Sherman.McClure@hotmail.com',NULL),(654616209,'MCLF52835255','Fernando','McLaughlin','1999-05-21','4505601027','Canadian','Fernando_McLaughlin@hotmail.com',NULL),(344764738,'MCLP45508162','Phillip','McLaughlin','1961-12-28','5145576536','Canadian','Phillip_McLaughlin49@hotmail.com',NULL),(290450619,'MEDA41284718','Antoinette','Medhurst','1986-10-22','4505096617','Canadian','Antoinette.Medhurst14@hotmail.com',NULL),(270879179,'MEDD34262052','David','Medhurst','1972-09-04','5145975699','Canadian','David98@yahoo.com',NULL),(498965850,'MEDR62769658','Roosevelt','Medhurst','1978-05-15','4505508104','Canadian','Roosevelt_Medhurst83@yahoo.com',NULL),(308616311,'MERM67884664','Marcos','Mertz','1968-05-25','5145849720','Canadian','Marcos_Mertz@hotmail.com',NULL),(576072281,'METL27238458','Louis','Metz','1966-07-19','4385525960','Canadian','Louis72@hotmail.com',NULL),(211856238,'MILK67584927','Kay','Miller','1958-08-15','4505023050','Canadian','Kay39@hotmail.com',NULL),(298595780,'MILV62449018','Vernon','Miller','1983-04-22','4505345138','Canadian','Vernon85@hotmail.com',NULL),(689179184,'MITB50947125','Beatrice','Mitchell','1980-08-12','5145789438','Canadian','Beatrice.Mitchell@yahoo.com',NULL),(667030244,'MITS47275978','Sophia','Mitchell','1956-02-20','4385547312','Canadian','Sophia_Mitchell28@yahoo.com',NULL),(431182005,'MOHL33541719','Lorena','Mohr','1958-01-08','4505983420','Canadian','Lorena.Mohr@hotmail.com',NULL),(370643888,'MOOP37947541','Pete','Moore','2001-11-23','5145535630','Canadian','Pete.Moore@yahoo.com',NULL),(241659878,'MUEG39705840','Gertrude','Mueller','1982-03-09','4385480766','Canadian','Gertrude37@hotmail.com',NULL),(418582342,'MULB44285359','Bertha','Muller','1959-01-06','5145073713','Canadian','Bertha_Muller@gmail.com',NULL),(494844245,'MULC35466267','Chris','Muller','1983-04-02','5145285671','Canadian','Chris.Muller@yahoo.com',NULL),(627458346,'MULK47856276','Kathryn','Muller','1966-03-30','4385772701','Canadian','Kathryn.Muller95@hotmail.com',NULL),(640902787,'NADD65278637','Debbie','Nader','1965-11-24','4505312321','Canadian','Debbie_Nader@hotmail.com',NULL),(629391055,'NADH36885552','Hattie','Nader','2001-07-31','5145452564','Canadian','Hattie.Nader97@yahoo.com',NULL),(547611883,'NADM62771067','Marlon','Nader','1956-10-16','4385342461','Canadian','Marlon.Nader72@gmail.com',NULL),(324661440,'NITJ20320238','Jean','Nitzsche','1964-02-21','5145247900','Canadian','Jean1@yahoo.com',NULL),(417165843,'NOLW48564440','Wanda','Nolan','1979-06-26','4505871479','Canadian','Wanda71@hotmail.com',NULL),(577651506,'OCOE20232439','Elmer','O\'Conner','1995-08-05','4505529143','Canadian','Elmer71@yahoo.com',NULL),(228543186,'OCOL35642119','Lauren','O\'Connell','1958-10-02','5145143138','Canadian','Lauren.OConnell32@gmail.com',NULL),(375011701,'OHAG55978658','Guy','O\'Hara','1978-11-25','5145201769','Canadian','Guy43@yahoo.com',NULL),(369468976,'OKEA46202554','Archie','O\'Keefe','1968-10-16','4385346247','Canadian','Archie.OKeefe@gmail.com',NULL),(351065870,'OKER53397135','Rudy','O\'Keefe','1969-07-20','4505610918','Canadian','Rudy39@gmail.com',NULL),(312581706,'OKES37766493','Sandy','O\'Keefe','1988-10-30','4385639225','Canadian','Sandy.OKeefe93@hotmail.com',NULL),(346004716,'OKOB63191405','Billy','O\'Kon','2001-03-10','5145551715','Canadian','Billy_OKon@gmail.com',NULL),(375519693,'ORND45578935','Doyle','Orn','1959-12-23','5145550135','Canadian','Doyle_Orn1@yahoo.com',NULL),(346608964,'ORNE33616849','Esther','Orn','1969-07-25','5145577559','Canadian','Esther_Orn90@yahoo.com',NULL),(344627739,'PACB54627790','Betty','Pacocha','1966-08-30','5145040291','Canadian','Betty7@hotmail.com',NULL),(528809459,'PADF44330265','Francis','Padberg','2003-03-04','4505013151','Canadian','Francis56@gmail.com',NULL),(401746050,'PADF58751395','Faye','Padberg','2003-04-28','5145459213','Canadian','Faye_Padberg@hotmail.com',NULL),(339061622,'PADL32435299','Lorenzo','Padberg','1957-01-15','5145532342','Canadian','Lorenzo.Padberg@gmail.com',NULL),(342519984,'PAGB29854598','Belinda','Pagac','1969-09-28','5145971826','Canadian','Belinda43@gmail.com',NULL),(620669108,'PAGD51755582','Darla','Pagac','1987-12-17','4505106116','Canadian','Darla.Pagac80@yahoo.com',NULL),(492022006,'PAGS46026958','Shannon','Pagac','1996-09-03','5145120155','Canadian','Shannon46@hotmail.com',NULL),(656059344,'PARA51853476','Ashley','Parisian','1963-09-01','5145009617','Canadian','Ashley6@hotmail.com',NULL),(309152131,'PARF34440829','Freda','Parisian','1960-01-01','4505550017','Canadian','Freda5@gmail.com',NULL),(248198575,'PARR64174349','Ross','Parisian','1991-08-30','4505365324','Canadian','Ross_Parisian79@hotmail.com',NULL),(323324735,'POUC53057324','Crystal','Pouros','1958-04-02','4505077001','Canadian','Crystal67@yahoo.com',NULL),(389277125,'POUH34771571','Hope','Pouros','1977-12-14','5145209558','Canadian','Hope74@yahoo.com',NULL),(422445803,'POUV35926049','Vicky','Pouros','1967-01-18','4505776440','Canadian','Vicky.Pouros@yahoo.com',NULL),(383509654,'POWG43701255','Glenda','Powlowski','1980-12-26','4385062967','Canadian','Glenda67@hotmail.com',NULL),(339742328,'POWL51137834','Laverne','Powlowski','1969-09-09','4385955842','Canadian','Laverne83@hotmail.com',NULL),(327369089,'POWL53845647','Lorraine','Powlowski','1960-04-23','4505080247','Canadian','Lorraine_Powlowski3@yahoo.com',NULL),(531293380,'PREL69101126','Lucy','Predovic','2003-09-25','4505958877','Canadian','Lucy.Predovic@yahoo.com',NULL),(295498336,'PROM49276826','Melvin','Prohaska','1999-07-25','4505612194','Canadian','Melvin23@gmail.com',NULL),(698627904,'RATL23295818','Loren','Ratke','1966-05-02','5145117630','Canadian','Loren64@gmail.com',NULL),(281415463,'REIG30343561','Gretchen','Reinger','1981-03-07','4505862774','Canadian','Gretchen81@hotmail.com',NULL),(657966137,'REIK39453138','Kenny','Reilly','1959-05-20','5145836742','Canadian','Kenny.Reilly@hotmail.com',NULL),(510289094,'REIP69262819','Penny','Reinger','1977-04-19','5145609573','Canadian','Penny11@gmail.com',NULL),(210967397,'REMD50926864','Danielle','Rempel','1978-08-01','5145056598','Canadian','Danielle.Rempel@yahoo.com',NULL),(446565128,'REML62024867','Lionel','Rempel','1976-09-28','4505859005','Canadian','Lionel28@yahoo.com',NULL),(360838978,'REMM69604251','Moses','Rempel','2003-06-12','5145163605','Canadian','Moses_Rempel@gmail.com',NULL),(323070158,'RENW28418326','Winston','Renner','1999-09-07','4385532147','Canadian','Winston_Renner46@gmail.com',NULL),(594474210,'REYW60019704','Warren','Reynolds','1955-07-07','4505565300','Canadian','Warren_Reynolds@yahoo.com',NULL),(333482117,'RIPD42621987','Doris','Rippin','1994-09-09','5145373276','Canadian','Doris_Rippin@yahoo.com',NULL),(210834917,'RIPM61702384','Morris','Rippin','1996-05-16','4505891494','Canadian','Morris20@gmail.com',NULL),(517692168,'RITR55968078','Ruby','Ritchie','1976-11-10','5145064629','Canadian','Ruby_Ritchie@hotmail.com',NULL),(670714573,'ROBA34896586','Amelia','Robel','1986-12-28','4385172765','Canadian','Amelia_Robel@gmail.com',NULL),(337344367,'ROBL23331674','Lena','Robel','1968-10-15','4385524290','Canadian','Lena.Robel@hotmail.com',NULL),(660649090,'RODA50284976','Alicia','Rodriguez','1987-07-20','5145218577','Canadian','Alicia67@gmail.com',NULL),(320092907,'RODE51686069','Elsie','Rodriguez','1987-03-21','5145139091','Canadian','Elsie20@yahoo.com',NULL),(600025795,'RODL25340771','Lillie','Rodriguez','1969-10-06','5145032924','Canadian','Lillie.Rodriguez@hotmail.com',NULL),(394669259,'RODM43737637','Madeline','Rodriguez','1991-10-02','5145244649','Canadian','Madeline.Rodriguez94@hotmail.com',NULL),(601913605,'RODP38423816','Priscilla','Rodriguez','1977-04-04','5145833472','Canadian','Priscilla61@gmail.com',NULL),(328133624,'ROHA69447092','Alex','Rohan','2003-02-03','5145166581','Canadian','Alex_Rohan@yahoo.com',NULL),(563180870,'ROHB55513176','Bennie','Rohan','1998-02-02','4385691841','Canadian','Bennie_Rohan@hotmail.com',NULL),(513198868,'ROHM30393188','Moses','Rohan','1985-04-13','5145657352','Canadian','Moses_Rohan35@yahoo.com',NULL),(578988580,'ROSG51753169','Geneva','Rosenbaum','1989-07-23','4385766472','Canadian','Geneva_Rosenbaum5@gmail.com',NULL),(228615155,'ROWK44582568','Kirk','Rowe','1986-04-26','4505993194','Canadian','Kirk.Rowe37@gmail.com',NULL),(626155483,'RUER45940094','Rex','Ruecker','1963-12-21','4505137484','Canadian','Rex44@yahoo.com',NULL),(621306799,'RUNE25117235','Ellis','Runte','1971-07-07','4505819946','Canadian','Ellis_Runte67@gmail.com',NULL),(235216613,'RUNR31973553','Robin','Runte','1976-06-01','4505123243','Canadian','Robin.Runte33@yahoo.com',NULL),(228733762,'RUNR46737156','Raquel','Runte','2002-08-07','4505393533','Canadian','Raquel93@yahoo.com',NULL),(404347371,'RUNS20655602','Sherman','Runte','1988-06-23','4505188348','Canadian','Sherman.Runte@gmail.com',NULL),(458468122,'RUTT68353747','Tina','Rutherford','1999-10-28','4385618189','Canadian','Tina51@yahoo.com',NULL),(552789713,'SANL41794427','Leland','Sanford','1970-08-26','4385230410','Canadian','Leland.Sanford46@yahoo.com',NULL),(566000473,'SATK66611564','Kate','Satterfield','1964-07-31','4505329805','Canadian','Kate_Satterfield20@hotmail.com',NULL),(405061338,'SATL58700385','Loren','Satterfield','1979-06-19','4385680787','Canadian','Loren.Satterfield96@gmail.com',NULL),(693225700,'SATS22851530','Sonya','Satterfield','1960-02-10','5145663491','Canadian','Sonya35@hotmail.com',NULL),(372567337,'SCHB32972263','Brad','Schowalter','1979-11-12','4505790339','Canadian','Brad.Schowalter24@yahoo.com',NULL),(378769452,'SCHB42012061','Billy','Schaefer','1988-12-18','5145845362','Canadian','Billy.Schaefer@gmail.com',NULL),(686298044,'SCHC48282451','Carolyn','Schneider','1960-01-20','5145357318','Canadian','Carolyn_Schneider@hotmail.com',NULL),(599360166,'SCHD26032737','Damon','Schiller','1995-12-11','4505401924','Canadian','Damon_Schiller@gmail.com',NULL),(292103448,'SCHE24271601','Evelyn','Schaden','1987-06-21','4505481287','Canadian','Evelyn.Schaden94@gmail.com',NULL),(669171312,'SCHE51739405','Edwin','Schimmel','1998-08-22','5145521756','Canadian','Edwin.Schimmel@hotmail.com',NULL),(363532985,'SCHE64633682','Ellis','Schoen','2002-11-01','4505951585','Canadian','Ellis_Schoen@hotmail.com',NULL),(215036511,'SCHF54442907','Freda','Schultz','1965-10-12','4385631163','Canadian','Freda1@yahoo.com',NULL),(309623499,'SCHK33347694','Kim','Schmitt','1974-03-09','4385034551','Canadian','Kim6@gmail.com',NULL),(235242870,'SCHK62057671','Kelly','Schaden','1988-11-22','5145696568','Canadian','Kelly.Schaden77@gmail.com',NULL),(266426599,'SCHL51660036','Laurie','Schultz','1979-01-01','4505509123','Canadian','Laurie57@gmail.com',NULL),(550042129,'SCHL59188965','Lindsey','Schaden','1955-10-04','5145934790','Canadian','Lindsey15@hotmail.com',NULL),(626747788,'SCHN45650082','Nicole','Schowalter','1981-01-12','5145972261','Canadian','Nicole_Schowalter@gmail.com',NULL),(600611002,'SCHT50994871','Teri','Schoen','1954-09-13','4505975662','Canadian','Teri.Schoen81@gmail.com',NULL),(502195232,'SENP29471244','Penny','Senger','1978-03-11','4505855492','Canadian','Penny.Senger98@hotmail.com',NULL),(400742807,'SHAR66552651','Roberta','Shanahan','1997-05-06','5145955248','Canadian','Roberta_Shanahan33@hotmail.com',NULL),(266585713,'SIML69072990','Lewis','Simonis','1996-10-05','5145726253','Canadian','Lewis.Simonis94@gmail.com',NULL),(349328589,'SIMT41363093','Teresa','Simonis','2003-06-11','5145553687','Canadian','Teresa_Simonis70@yahoo.com',NULL),(202149819,'SIPK34585408','Krista','Sipes','1991-11-08','4505221081','Canadian','Krista.Sipes9@hotmail.com',NULL),(541982612,'SKIA50990862','Antonio','Skiles','1992-05-22','4385973532','Canadian','Antonio_Skiles@gmail.com',NULL),(357996661,'SKID39929342','Diane','Skiles','2001-09-30','4385356480','Canadian','Diane91@gmail.com',NULL),(394883744,'SKIJ36654780','Jason','Skiles','1997-03-18','5145665828','Canadian','Jason.Skiles16@hotmail.com',NULL),(363306139,'SKIY51571606','Yvonne','Skiles','1971-12-03','4385111612','Canadian','Yvonne.Skiles@hotmail.com',NULL),(568495925,'SMID20221819','Darrel','Smitham','1972-10-15','5145608668','Canadian','Darrel61@yahoo.com',NULL),(293354554,'SMIS67332535','Shirley','Smitham','2001-11-30','4385656380','Canadian','Shirley_Smitham@yahoo.com',NULL),(533461507,'SPEM49449388','Marlon','Spencer','1994-06-05','4505537414','Canadian','Marlon.Spencer67@yahoo.com',NULL),(425825550,'STAA36681962','Angel','Stanton','1994-01-05','4505734751','Canadian','Angel62@yahoo.com',NULL),(497916095,'STAS20593194','Stacy','Stamm','1984-09-16','4385305060','Canadian','Stacy.Stamm@gmail.com',NULL),(488303403,'STEG24751744','Gerard','Steuber','1997-04-19','4385160671','Canadian','Gerard_Steuber@hotmail.com',NULL),(646445058,'STOE66667726','Esther','Stoltenberg','1963-05-28','4505015776','Canadian','Esther.Stoltenberg62@yahoo.com',NULL),(475828052,'STOS42423583','Shelly','Stokes','1979-04-23','4505648143','Canadian','Shelly_Stokes@gmail.com',NULL),(586572991,'STRA28710555','Alberto','Stracke','2000-08-09','4385527700','Canadian','Alberto_Stracke33@hotmail.com',NULL),(500467733,'STRA50289848','Al','Stracke','1961-03-23','4385627621','Canadian','Al_Stracke72@gmail.com',NULL),(443090111,'STRC51573850','Cindy','Stracke','1984-06-08','4385720750','Canadian','Cindy52@yahoo.com',NULL),(299584675,'STRD25102362','Duane','Strosin','1971-07-04','4505946709','Canadian','Duane.Strosin52@yahoo.com',NULL),(458939432,'STRD63232356','Darlene','Streich','1975-02-24','4505657098','Canadian','Darlene16@yahoo.com',NULL),(617774932,'STRI45545740','Inez','Streich','1958-08-01','5145073610','Canadian','Inez.Streich92@gmail.com',NULL),(582019559,'STRL38116457','Lola','Stroman','1997-07-31','4505454300','Canadian','Lola_Stroman@gmail.com',NULL),(665560857,'SWAJ28500463','Jo','Swaniawski','1994-01-01','4385490303','Canadian','Jo_Swaniawski41@yahoo.com',NULL),(544909353,'SWIL69862849','Lucy','Swift','1984-12-07','5145629756','Canadian','Lucy.Swift@yahoo.com',NULL),(217546564,'TERB20991101','Brenda','Terry','1997-08-05','5145327660','Canadian','Brenda_Terry82@gmail.com',NULL),(349279434,'THIL39688154','Lamar','Thiel','1969-08-20','5145269548','Canadian','Lamar.Thiel@hotmail.com',NULL),(289559623,'THIV33304120','Virginia','Thiel','1955-08-06','4505471845','Canadian','Virginia37@gmail.com',NULL),(477483382,'THOA42235455','Aaron','Thompson','1999-08-19','4385903859','Canadian','Aaron.Thompson@hotmail.com',NULL),(246500097,'TORC44423388','Christina','Torphy','1997-11-06','5145085359','Canadian','Christina15@yahoo.com',NULL),(613920159,'TOWT26555280','Toby','Towne','1992-09-26','5145131328','Canadian','Toby.Towne9@hotmail.com',NULL),(671877084,'TOYN39009332','Nancy','Toy','1994-11-22','5145043223','Canadian','Nancy.Toy68@yahoo.com',NULL),(572045561,'TOYS68766201','Sheri','Toy','1998-05-18','4385195660','Canadian','Sheri_Toy@gmail.com',NULL),(651357987,'TRAP22508815','Patsy','Trantow','1991-11-12','4505830369','Canadian','Patsy51@hotmail.com',NULL),(582854174,'TREL24591533','Luther','Tremblay','1973-06-30','5145184019','Canadian','Luther_Tremblay@yahoo.com',NULL),(390832764,'TROB32048609','Bennie','Tromp','1967-05-01','4385377541','Canadian','Bennie13@hotmail.com',NULL),(320547506,'TURJ20245550','Jan','Turner','1993-09-05','4505113674','Canadian','Jan40@gmail.com',NULL),(561881831,'TURN68127754','Natasha','Turner','1977-04-05','4505508073','Canadian','Natasha57@gmail.com',NULL),(282195004,'VANJ60340086','John','Vandervort','1954-09-03','4505718961','Canadian','John.Vandervort@gmail.com',NULL),(464238350,'VANR30320334','Roberta','Vandervort','1983-11-14','4505295648','Canadian','Roberta92@yahoo.com',NULL),(321585201,'VEUF34862081','Frank','Veum','1991-09-05','5145950523','Canadian','Frank_Veum@hotmail.com',NULL),(259271285,'VEUM33957229','Matthew','Veum','1996-06-08','5145880299','Canadian','Matthew_Veum23@gmail.com',NULL),(617993594,'VEUR55820325','Rodolfo','Veum','1977-09-24','4505122658','Canadian','Rodolfo_Veum44@gmail.com',NULL),(314817060,'VONM28655909','Mindy','Von','1957-12-01','4385677517','Canadian','Mindy8@yahoo.com',NULL),(391772437,'WAEL52803106','Luis','Waelchi','1977-07-02','5145932778','Canadian','Luis_Waelchi25@gmail.com',NULL),(628438766,'WAEV68018947','Violet','Waelchi','1996-01-19','4385566520','Canadian','Violet8@yahoo.com',NULL),(430367583,'WALA55975499','Ana','Walker','1960-05-24','5145418715','Canadian','Ana31@hotmail.com',NULL),(606439913,'WALB39385986','Barry','Walsh','1974-03-01','5145732410','Canadian','Barry87@hotmail.com',NULL),(609609027,'WALC44610317','Clark','Walsh','1982-11-20','4385454544','Canadian','Clark42@gmail.com',NULL),(696902489,'WALC45084468','Cynthia','Walker','2002-06-22','5145017663','Canadian','Cynthia_Walker@hotmail.com',NULL),(257632003,'WALJ52577566','Jessie','Walker','1962-06-23','5145316027','Canadian','Jessie.Walker@yahoo.com',NULL),(226221732,'WALS45643837','Shannon','Walter','2000-12-02','4385084449','Canadian','Shannon64@gmail.com',NULL),(580373356,'WARL37453775','Lauren','Ward','1982-04-28','4385147866','Canadian','Lauren57@gmail.com',NULL),(392197048,'WEHP69819199','Peggy','Wehner','1954-03-26','4505343989','Canadian','Peggy.Wehner63@gmail.com',NULL),(289954956,'WEID21886268','Dora','Weissnat','1962-09-10','4385911508','Canadian','Dora.Weissnat@gmail.com',NULL),(213415757,'WEID37561186','Dean','Weissnat','1964-02-26','4385538608','Canadian','Dean.Weissnat94@gmail.com',NULL),(371310653,'WHIM59501926','Marc','White','1970-05-21','5145770132','Canadian','Marc.White25@hotmail.com',NULL),(245897353,'WIES47591452','Sandra','Wiegand','1974-09-03','5145854590','Canadian','Sandra0@yahoo.com',NULL),(254428331,'WILA40030564','Al','Wilderman','1978-03-21','4385284843','Canadian','Al.Wilderman@yahoo.com',NULL),(248144235,'WILB60170041','Bessie','Will','1971-10-02','5145583087','Canadian','Bessie_Will@gmail.com',NULL),(231501770,'WILC24381738','Chris','Wilderman','1979-11-23','4385916308','Canadian','Chris41@hotmail.com',NULL),(219991271,'WILF50609646','Florence','Wilderman','1970-04-13','5145608977','Canadian','Florence.Wilderman@hotmail.com',NULL),(591198355,'WILH37213322','Homer','Wilderman','1980-02-23','5145236883','Canadian','Homer57@hotmail.com',NULL),(539627600,'WILL44423358','Leroy','Wilkinson','1955-09-04','4505157769','Canadian','Leroy.Wilkinson@yahoo.com',NULL),(608924933,'WILS51474103','Sally','Wilderman','1954-06-23','4385005140','Canadian','Sally_Wilderman@hotmail.com',NULL),(368881929,'WINM46466886','Mindy','Windler','1977-07-13','4385361527','Canadian','Mindy37@hotmail.com',NULL),(412570099,'WISM43261158','Melinda','Wisoky','1954-03-19','4385638168','Canadian','Melinda_Wisoky@yahoo.com',NULL),(581052613,'WISW55203764','Warren','Wisoky','1969-12-19','5145914222','Canadian','Warren.Wisoky28@gmail.com',NULL),(603636799,'WIZB26977659','Barbara','Wiza','1984-03-28','5145961779','Canadian','Barbara86@yahoo.com',NULL),(455432194,'WOLC21917120','Carolyn','Wolff','1961-02-22','4505739519','Canadian','Carolyn.Wolff@hotmail.com',NULL),(656003841,'WOLE57952220','Edna','Wolff','1990-07-13','4385356399','Canadian','Edna_Wolff24@hotmail.com',NULL),(239190268,'WOLL53352263','Louis','Wolf','1975-01-18','4385864620','Canadian','Louis94@gmail.com',NULL),(331354317,'WOLT20599867','Tracy','Wolf','1968-11-12','4385760291','Canadian','Tracy_Wolf52@gmail.com',NULL),(235222236,'WUCT61795858','Tracy','Wuckert','1995-02-12','4385453792','Canadian','Tracy_Wuckert29@gmail.com',NULL),(598742001,'WUNO37258823','Olga','Wunsch','1995-04-25','4505242752','Canadian','Olga40@gmail.com',NULL),(530788703,'WYMD55128240','Dwayne','Wyman','1956-11-24','5145380674','Canadian','Dwayne64@yahoo.com',NULL),(252261047,'WYME69689431','Eduardo','Wyman','1985-04-20','5145343935','Canadian','Eduardo63@yahoo.com',NULL),(409301798,'YOSC43877822','Cheryl','Yost','1956-12-04','5145385671','Canadian','Cheryl_Yost@hotmail.com',NULL),(411841376,'YOSS48741747','Santos','Yost','1996-08-03','4505610850','Canadian','Santos.Yost@yahoo.com',NULL),(215933091,'YUNJ20748171','Jennie','Yundt','1987-04-26','4505683179','Canadian','Jennie70@hotmail.com',NULL),(684996154,'ZBOL20677976','Lila','Zboncak','2000-07-09','4505614757','Canadian','Lila.Zboncak@yahoo.com',NULL),(605589929,'ZEMK56520152','Kirk','Zemlak','1987-05-31','4385260037','Canadian','Kirk.Zemlak88@gmail.com',NULL),(391351162,'ZIEJ23931981','Jody','Zieme','1973-07-26','4505772741','Canadian','Jody.Zieme@gmail.com',NULL),(444668001,'ZIEL33128042','Lila','Zieme','1988-10-24','4385057663','Canadian','Lila.Zieme99@gmail.com',NULL);
/*!40000 ALTER TABLE `Persons` ENABLE KEYS */;
UNLOCK TABLES;

--
-- Table structure for table `Employees`
--

DROP TABLE IF EXISTS `Employees`;
/*!40101 SET @saved_cs_client     = @@character_set_client */;
/*!50503 SET character_set_client = utf8mb4 */;
CREATE TABLE `Employees` (
  `SSN` int NOT NULL,
  `Role` enum('nurse','doctor','cashier','pharmacist','receptionist','administrative personnel','security personnel','regular employee') COLLATE utf8mb3_unicode_ci NOT NULL,
  PRIMARY KEY (`SSN`),
  UNIQUE KEY `SSN` (`SSN`),
  CONSTRAINT `employees_ibfk_1` FOREIGN KEY (`SSN`) REFERENCES `Persons` (`SSN`)
) ENGINE=InnoDB DEFAULT CHARSET=utf8mb3 COLLATE=utf8mb3_unicode_ci;
/*!40101 SET character_set_client = @saved_cs_client */;

--
-- Dumping data for table `Employees`
--

LOCK TABLES `Employees` WRITE;
/*!40000 ALTER TABLE `Employees` DISABLE KEYS */;
INSERT INTO `Employees` VALUES (207716654,'administrative personnel'),(210325836,'security personnel'),(210834917,'security personnel'),(210967397,'regular employee'),(211969713,'cashier'),(213415757,'regular employee'),(217546564,'administrative personnel'),(219272004,'nurse'),(219991271,'administrative personnel'),(222545693,'regular employee'),(222937868,'regular employee'),(225763555,'administrative personnel'),(225897036,'security personnel'),(225999716,'nurse'),(228615155,'administrative personnel'),(228733762,'pharmacist'),(231501770,'pharmacist'),(235216613,'nurse'),(235222236,'pharmacist'),(235242870,'receptionist'),(235441252,'doctor'),(239190268,'regular employee'),(239241620,'receptionist'),(240748419,'receptionist'),(241659878,'pharmacist'),(245031258,'administrative personnel'),(246500097,'administrative personnel'),(247154731,'administrative personnel'),(248144235,'cashier'),(248198575,'pharmacist'),(248917772,'regular employee'),(250344156,'cashier'),(251227589,'pharmacist'),(252261047,'doctor'),(254428331,'administrative personnel'),(254564895,'receptionist'),(257632003,'cashier'),(259271285,'administrative personnel'),(263785884,'cashier'),(266585713,'receptionist'),(266690394,'receptionist'),(269441580,'cashier'),(269892250,'receptionist'),(270879179,'administrative personnel'),(272476590,'pharmacist'),(276303376,'security personnel'),(277406467,'administrative personnel'),(279682450,'cashier'),(279966198,'pharmacist'),(282195004,'security personnel'),(289559623,'cashier'),(290450619,'regular employee'),(291950429,'nurse'),(292103448,'receptionist'),(293354554,'pharmacist'),(294209324,'cashier'),(294277033,'nurse'),(295498336,'administrative personnel'),(298097829,'cashier'),(298595780,'administrative personnel'),(300420213,'security personnel'),(305122660,'administrative personnel'),(306635426,'receptionist'),(308179505,'cashier'),(309623499,'nurse'),(313131211,'nurse'),(314817060,'nurse'),(315053343,'nurse'),(316697342,'nurse'),(317575975,'administrative personnel'),(320092907,'cashier'),(320547506,'security personnel'),(321872488,'doctor'),(323070158,'regular employee'),(323324735,'receptionist'),(324533253,'administrative personnel'),(324661440,'receptionist'),(325071345,'doctor'),(326547653,'regular employee'),(327369089,'administrative personnel'),(328092673,'regular employee'),(328133624,'nurse'),(332553653,'administrative personnel'),(333482117,'regular employee'),(333830706,'cashier'),(336768472,'security personnel'),(338894763,'doctor'),(339061622,'doctor'),(339742328,'security personnel'),(341942457,'cashier'),(342519984,'doctor'),(344468602,'regular employee'),(344627739,'pharmacist'),(345514976,'doctor'),(346004716,'doctor'),(346608964,'nurse'),(350013510,'regular employee'),(351065870,'administrative personnel'),(353820859,'administrative personnel'),(357996661,'security personnel'),(360838978,'administrative personnel'),(363532985,'doctor'),(368881929,'nurse'),(369468976,'administrative personnel'),(370643888,'receptionist'),(371310653,'nurse'),(375011701,'administrative personnel'),(375519693,'pharmacist'),(375782375,'nurse'),(378191056,'administrative personnel'),(378769452,'security personnel'),(380792065,'regular employee'),(383509654,'administrative personnel'),(384829447,'receptionist'),(386884571,'administrative personnel'),(389130256,'doctor'),(389277125,'administrative personnel'),(390832764,'regular employee'),(391351162,'nurse'),(391772437,'cashier'),(392197048,'doctor'),(394883744,'regular employee'),(397367092,'nurse'),(398621288,'regular employee'),(400604207,'regular employee'),(400742807,'security personnel'),(401746050,'receptionist'),(403837075,'security personnel'),(404347371,'doctor'),(405288955,'administrative personnel'),(409301798,'cashier'),(411606930,'security personnel'),(411841376,'nurse'),(412546185,'cashier'),(412570099,'receptionist'),(417165843,'security personnel'),(425642925,'nurse'),(425825550,'nurse'),(426006420,'administrative personnel'),(428224694,'administrative personnel'),(428755632,'regular employee'),(430367583,'administrative personnel'),(430439016,'security personnel'),(431182005,'cashier'),(434484757,'pharmacist'),(437972732,'nurse'),(441224104,'nurse'),(443090111,'nurse'),(443411171,'pharmacist'),(444668001,'receptionist'),(446317448,'doctor'),(446565128,'nurse'),(446794508,'doctor'),(450635885,'receptionist'),(452277527,'receptionist'),(453534111,'administrative personnel'),(454771239,'pharmacist'),(455247264,'pharmacist'),(455432194,'pharmacist'),(457766347,'regular employee'),(459108062,'pharmacist'),(464225799,'doctor'),(464238350,'nurse'),(464386476,'nurse'),(467095881,'doctor'),(468099609,'receptionist'),(468530574,'regular employee'),(473474495,'pharmacist'),(477846323,'nurse'),(478841733,'cashier'),(478842372,'receptionist'),(480505729,'nurse'),(481534852,'pharmacist'),(485027358,'nurse'),(488303403,'regular employee'),(488681249,'receptionist'),(489222326,'administrative personnel'),(492022006,'cashier'),(492884766,'security personnel'),(493066344,'doctor'),(494844245,'security personnel'),(496926997,'nurse'),(499698344,'pharmacist'),(500467733,'doctor'),(500863484,'doctor'),(502194007,'regular employee'),(502195232,'cashier'),(504534514,'regular employee'),(508781548,'cashier'),(509339934,'nurse'),(512274629,'doctor'),(513198868,'administrative personnel'),(513798891,'regular employee'),(514287936,'cashier'),(514832132,'security personnel'),(515335448,'receptionist'),(517692168,'security personnel'),(518870867,'doctor'),(519708605,'doctor'),(522415042,'administrative personnel'),(523439432,'doctor'),(523759400,'receptionist'),(528809459,'cashier'),(530788703,'doctor'),(531293380,'nurse'),(532771903,'pharmacist'),(533461507,'doctor'),(534399042,'administrative personnel'),(536768187,'security personnel'),(537738739,'doctor'),(539226792,'doctor'),(539627600,'nurse'),(541982612,'cashier'),(542853585,'administrative personnel'),(544909353,'administrative personnel'),(545954598,'security personnel'),(546406204,'doctor'),(548620647,'doctor'),(551431150,'doctor'),(552789713,'administrative personnel'),(553721030,'nurse'),(554418691,'receptionist'),(557320509,'cashier'),(561640437,'receptionist'),(562144165,'doctor'),(563180870,'security personnel'),(565105547,'cashier'),(566000473,'receptionist'),(568495925,'doctor'),(570886481,'regular employee'),(571419508,'administrative personnel'),(572045561,'cashier'),(573272324,'regular employee'),(578988580,'security personnel'),(581052613,'regular employee'),(582019559,'nurse'),(582854174,'doctor'),(584220755,'regular employee'),(586572991,'nurse'),(586975485,'administrative personnel'),(591198355,'cashier'),(594474210,'security personnel'),(595646164,'receptionist'),(596387382,'doctor'),(598463622,'regular employee'),(598498435,'cashier'),(600611002,'regular employee'),(603636799,'administrative personnel'),(604379317,'doctor'),(609609027,'doctor'),(609954743,'pharmacist'),(610235198,'security personnel'),(613621043,'regular employee'),(613920159,'pharmacist'),(617774932,'pharmacist'),(617993594,'cashier'),(620669108,'regular employee'),(622567911,'nurse'),(626155483,'nurse'),(627458346,'regular employee'),(628438766,'pharmacist'),(628526512,'cashier'),(628746021,'cashier'),(629391055,'regular employee'),(629394313,'security personnel'),(636637846,'doctor'),(639093476,'cashier'),(640601714,'pharmacist'),(641357090,'nurse'),(642584138,'receptionist'),(646445058,'nurse'),(651357987,'doctor'),(655368305,'cashier'),(656003841,'cashier'),(657411583,'administrative personnel'),(659691609,'regular employee'),(659958776,'regular employee'),(660649090,'regular employee'),(661542420,'nurse'),(661554617,'regular employee'),(663615868,'nurse'),(665380015,'nurse'),(665560857,'administrative personnel'),(669171312,'cashier'),(670562477,'administrative personnel'),(671877084,'doctor'),(672277101,'cashier'),(679395707,'security personnel'),(681611553,'doctor'),(682619751,'administrative personnel'),(682730390,'doctor'),(684281834,'pharmacist'),(684996154,'nurse'),(689179184,'cashier'),(693225700,'administrative personnel'),(693441174,'administrative personnel'),(694466010,'administrative personnel'),(695381047,'regular employee'),(695510874,'nurse'),(696511034,'nurse'),(698465573,'nurse'),(698627904,'doctor'),(699371977,'nurse');
/*!40000 ALTER TABLE `Employees` ENABLE KEYS */;
UNLOCK TABLES;

--
-- Table structure for table `Facilities`
--

DROP TABLE IF EXISTS `Facilities`;
/*!40101 SET @saved_cs_client     = @@character_set_client */;
/*!50503 SET character_set_client = utf8mb4 */;
CREATE TABLE `Facilities` (
  `FID` int NOT NULL AUTO_INCREMENT,
  `Name` varchar(50) COLLATE utf8mb3_unicode_ci NOT NULL,
  `Address` varchar(100) COLLATE utf8mb3_unicode_ci NOT NULL,
  `City` varchar(50) COLLATE utf8mb3_unicode_ci NOT NULL,
  `Province` varchar(25) COLLATE utf8mb3_unicode_ci NOT NULL,
  `PostalCode` char(6) COLLATE utf8mb3_unicode_ci NOT NULL,
  `PhoneNumber` char(10) COLLATE utf8mb3_unicode_ci NOT NULL,
  `WebAddress` varchar(255) COLLATE utf8mb3_unicode_ci NOT NULL,
  `Type` enum('Hospital','CLSC','Clinic','Pharmacy','Special installment') COLLATE utf8mb3_unicode_ci NOT NULL,
  `Capacity` int DEFAULT NULL,
  `GMSSN` int NOT NULL,
  PRIMARY KEY (`FID`),
  UNIQUE KEY `Name` (`Name`),
  UNIQUE KEY `PhoneNumber` (`PhoneNumber`),
  KEY `facilities_ibfk_1` (`GMSSN`),
  CONSTRAINT `facilities_ibfk_1` FOREIGN KEY (`GMSSN`) REFERENCES `Employees` (`SSN`)
) ENGINE=InnoDB AUTO_INCREMENT=21 DEFAULT CHARSET=utf8mb3 COLLATE=utf8mb3_unicode_ci;
/*!40101 SET character_set_client = @saved_cs_client */;

--
-- Dumping data for table `Facilities`
--

LOCK TABLES `Facilities` WRITE;
/*!40000 ALTER TABLE `Facilities` DISABLE KEYS */;
INSERT INTO `Facilities` VALUES (1,'Hospital Maisonneuve Rosemont','5415, boulevard de l\'Assomption','Montreal','QC','H1T2M4','5142523400','https://ciusss-estmtl.gouv.qc.ca/etablissement/hopital-maisonneuve-rosemont','Hospital',250,210325836),(2,'The Montreal Children\'s Hospital','1001 Boulevard Dcarie','Montreal','QC','H4A3J1','5144124400','https://www.thechildren.com','Hospital',100,582019559),(3,'St. Mary\'s Hospital Center','3830 Lacombe Avenue','Montreal','QC','H3T1M5','5143453511','https://www.smhc.qc.ca/en/','Hospital',150,339061622),(4,'Montreal General Hospital','1650 Cedar Avenue','Montreal','QC','H3G1A4','5149348488','https://muhc.ca/montreal-general-hospital','Hospital',175,665380015),(5,'Hopital de Verdun','4000, boulevard LaSalle','Montreal','QC','H4G2A3','5143621000','https://ciusss-centresudmtl.gouv.qc.ca/etablissement/hopital-de-verdun','Hospital',210,684996154),(6,'CLSC Sainte-Catherine','66 St Catherine St E','Montreal','QC','H2X1K6','5145272361','https://ciusss-centresudmtl.gouv.qc.ca/etablissement/clsc-sainte-catherine-et-gmfu-des-faubourgs','CLSC',50,375519693),(7,'CLSC Metro','1801 Blvd. De Maisonneuve Ouest','Montreal','QC','H3H1J9','5147318531','https://www.ciussswestcentral.ca/sites-and-resources/clsc/clsc-metro/','CLSC',40,228733762),(8,'Jean Coutu Pharmacy','1675 Saint-Catherine St W','Montreal','QC','H3H1L9','5149334221','https://www.jeancoutu.com/localisateur-succursale/montreal-1675-rue-sainte-catherine-ouest-h3h-1l9/68/','Pharmacy',30,694466010),(9,'Greene Avenue Clinic','1255 Ave Greene #210','Westmount','QC','H3Z2A4','5149385535','https://www.sante.gouv.qc.ca/en/repertoire-ressources/ressource/?nofiche=116078','Clinic',30,693441174),(10,'Passport Health Westmount Clinique Sant-Voyage','4880 Sherbrooke St W #140','Westmount','QC','H3Z1H1','5146679838','https://www.passporthealthglobal.com/fr-ca/locations/qc/clinique-sante-westmount/?utm_source=gmb&utm_medium=organic&utm_campaign=GMB_Insights&utm_content=westmount','Special installment',20,437972732);
/*!40000 ALTER TABLE `Facilities` ENABLE KEYS */;
UNLOCK TABLES;

--
-- Table structure for table `Employments`
--

DROP TABLE IF EXISTS `Employments`;
/*!40101 SET @saved_cs_client     = @@character_set_client */;
/*!50503 SET character_set_client = utf8mb4 */;
CREATE TABLE `Employments` (
  `ESSN` int NOT NULL,
  `FID` int NOT NULL,
  `StartDate` date NOT NULL,
  `EndDate` date DEFAULT NULL,
  PRIMARY KEY (`ESSN`,`FID`,`StartDate`),
  KEY `FID` (`FID`),
  CONSTRAINT `employments_ibfk_1` FOREIGN KEY (`ESSN`) REFERENCES `Employees` (`SSN`),
  CONSTRAINT `Employments_ibfk_2` FOREIGN KEY (`FID`) REFERENCES `Facilities` (`FID`),
  CONSTRAINT `endDateAfterStartDate` CHECK (((`EndDate` is null) or (`EndDate` >= `StartDate`)))
) ENGINE=InnoDB DEFAULT CHARSET=utf8mb3 COLLATE=utf8mb3_unicode_ci;
/*!40101 SET character_set_client = @saved_cs_client */;

--
-- Dumping data for table `Employments`
--

LOCK TABLES `Employments` WRITE;
/*!40000 ALTER TABLE `Employments` DISABLE KEYS */;
INSERT INTO `Employments` VALUES (207716654,9,'2024-01-08',NULL),(210325836,1,'2023-07-08',NULL),(210325836,5,'2021-09-27','2023-07-07'),(210834917,2,'2021-02-04','2023-06-28'),(210834917,6,'2023-06-29',NULL),(210967397,2,'2022-06-15',NULL),(211969713,4,'2022-06-03',NULL),(213415757,3,'2018-09-07','2019-07-02'),(213415757,4,'2019-07-03','2023-07-06'),(213415757,7,'2023-07-07',NULL),(217546564,1,'2021-11-04','2022-05-04'),(217546564,7,'2022-05-05',NULL),(219272004,3,'2023-11-15',NULL),(219272004,6,'2018-11-18','2023-11-14'),(219991271,5,'2020-02-26','2021-02-15'),(219991271,6,'2021-02-16','2022-11-06'),(219991271,7,'2022-11-07',NULL),(222545693,6,'2023-12-31',NULL),(222937868,1,'2018-10-30','2021-05-29'),(222937868,2,'2022-04-27',NULL),(222937868,5,'2021-05-30','2022-04-26'),(225763555,8,'2018-04-05','2022-05-29'),(225763555,10,'2017-08-15','2018-04-04'),(225763555,10,'2022-05-30',NULL),(225897036,1,'2022-09-17',NULL),(225897036,3,'2020-10-23','2022-09-16'),(225897036,7,'2018-04-15','2020-10-22'),(225999716,5,'2023-02-07',NULL),(228615155,2,'2022-05-15',NULL),(228733762,1,'2017-12-02','2022-08-27'),(228733762,2,'2022-08-28','2023-08-29'),(228733762,7,'2023-08-30',NULL),(231501770,1,'2022-10-05',NULL),(231501770,2,'2019-01-06','2022-10-04'),(231501770,8,'2016-01-31','2019-01-05'),(235216613,5,'2023-04-19',NULL),(235216613,10,'2022-04-20','2023-04-18'),(235222236,1,'2021-07-06','2023-12-19'),(235222236,8,'2023-12-20',NULL),(235242870,1,'2022-01-15','2023-09-28'),(235242870,5,'2020-04-07','2022-01-14'),(235242870,7,'2023-09-29',NULL),(235441252,8,'2023-06-18',NULL),(239190268,4,'2023-05-19',NULL),(239241620,4,'2024-01-10',NULL),(240748419,10,'2022-12-07',NULL),(241659878,1,'2024-02-08',NULL),(241659878,8,'2022-09-03','2024-02-07'),(245031258,3,'2023-06-08',NULL),(245031258,5,'2023-02-19','2023-06-07'),(245031258,6,'2018-08-17','2023-02-18'),(246500097,7,'2022-07-19',NULL),(247154731,1,'2022-01-31','2023-07-16'),(247154731,3,'2023-08-18',NULL),(247154731,10,'2023-07-17','2023-08-17'),(248144235,3,'2021-04-24','2023-06-03'),(248144235,3,'2023-06-04',NULL),(248144235,10,'2019-06-05','2021-04-23'),(248198575,1,'2022-10-29',NULL),(248917772,2,'2019-01-28','2022-07-26'),(248917772,7,'2022-07-27',NULL),(250344156,3,'2023-05-03',NULL),(250344156,5,'2022-11-10','2023-05-02'),(251227589,3,'2021-05-12','2022-08-05'),(251227589,6,'2022-08-06',NULL),(252261047,3,'2023-11-24',NULL),(252261047,6,'2020-10-04','2023-11-23'),(254428331,3,'2021-05-23','2023-09-23'),(254428331,9,'2023-09-24',NULL),(254564895,6,'2022-08-21',NULL),(254564895,8,'2020-02-06','2022-08-20'),(257632003,1,'2022-09-16',NULL),(259271285,1,'2019-12-16','2020-05-22'),(259271285,2,'2022-05-15',NULL),(259271285,7,'2020-05-23','2022-05-14'),(263785884,1,'2023-11-01',NULL),(263785884,6,'2015-05-24','2019-02-06'),(263785884,9,'2019-02-07','2023-10-31'),(266585713,1,'2023-07-27',NULL),(266690394,1,'2022-05-18',NULL),(269441580,5,'2018-12-11','2022-02-28'),(269441580,5,'2022-03-01','2023-11-03'),(269441580,7,'2023-11-04',NULL),(269892250,2,'2023-12-05',NULL),(270879179,4,'2023-12-26',NULL),(270879179,6,'2023-12-02','2023-12-25'),(272476590,1,'2018-11-09','2020-08-14'),(272476590,4,'2020-08-15','2023-11-24'),(272476590,6,'2023-11-25',NULL),(276303376,1,'2023-06-11',NULL),(276303376,3,'2022-08-21','2023-06-10'),(277406467,4,'2021-09-23','2023-06-11'),(277406467,5,'2023-06-12',NULL),(279682450,4,'2019-01-24','2021-01-16'),(279682450,4,'2021-01-17','2022-03-14'),(279682450,5,'2022-03-15',NULL),(279966198,2,'2023-10-13',NULL),(279966198,7,'2022-04-24','2023-10-12'),(282195004,3,'2021-03-28','2022-09-13'),(282195004,4,'2022-09-14',NULL),(289559623,6,'2021-02-21','2022-09-23'),(289559623,10,'2022-09-24',NULL),(290450619,1,'2019-09-30','2022-06-06'),(290450619,4,'2022-06-07',NULL),(290450619,9,'2019-08-06','2019-09-29'),(291950429,1,'2023-03-13',NULL),(291950429,6,'2021-09-30','2023-03-12'),(292103448,5,'2024-01-01',NULL),(293354554,3,'2022-05-10',NULL),(294209324,8,'2022-05-11',NULL),(294277033,5,'2022-05-05',NULL),(295498336,1,'2023-08-02',NULL),(295498336,7,'2019-06-06','2020-08-02'),(295498336,8,'2020-08-03','2023-08-01'),(298097829,4,'2022-10-21',NULL),(298097829,5,'2019-05-26','2022-10-20'),(298595780,5,'2022-12-27',NULL),(298595780,6,'2018-07-11','2022-12-26'),(298595780,7,'2016-08-18','2018-07-10'),(300420213,6,'2023-07-08',NULL),(305122660,9,'2017-05-08','2020-06-14'),(305122660,9,'2022-04-08',NULL),(305122660,10,'2020-06-15','2022-04-07'),(306635426,1,'2022-05-30',NULL),(308179505,1,'2023-12-11',NULL),(308179505,9,'2021-04-12','2023-01-14'),(308179505,10,'2023-01-15','2023-12-10'),(309623499,1,'2018-03-06','2022-01-19'),(309623499,3,'2022-01-20','2022-02-25'),(309623499,5,'2022-02-26',NULL),(313131211,5,'2022-08-20',NULL),(313131211,10,'2021-11-02','2022-08-19'),(314817060,4,'2016-07-09','2018-02-16'),(314817060,5,'2018-02-17','2022-11-08'),(314817060,5,'2022-11-09',NULL),(315053343,1,'2022-05-17',NULL),(315053343,10,'2021-08-01','2022-05-16'),(316697342,2,'2014-11-15','2019-06-28'),(316697342,5,'2019-06-29','2022-11-09'),(316697342,7,'2022-11-10',NULL),(317575975,4,'2019-05-30','2020-04-09'),(317575975,5,'2020-04-10','2022-10-14'),(317575975,9,'2022-10-15',NULL),(320092907,2,'2018-05-13','2019-02-26'),(320092907,2,'2023-04-03',NULL),(320092907,7,'2019-02-27','2023-04-02'),(320547506,1,'2023-05-06',NULL),(321872488,8,'2023-04-17',NULL),(323070158,4,'2023-04-07',NULL),(323070158,6,'2022-05-29','2023-04-06'),(323324735,2,'2023-07-03',NULL),(323324735,3,'2021-02-02','2023-07-02'),(324533253,9,'2021-03-18','2023-08-30'),(324533253,9,'2023-08-31',NULL),(324661440,7,'2022-09-02',NULL),(325071345,5,'2022-07-14',NULL),(326547653,2,'2022-12-11',NULL),(327369089,4,'2023-11-21',NULL),(327369089,5,'2022-05-27','2023-11-20'),(327369089,10,'2018-08-12','2022-05-26'),(328092673,3,'2022-10-04',NULL),(328133624,3,'2022-05-28',NULL),(328133624,4,'2019-07-06','2022-05-27'),(332553653,7,'2022-07-08',NULL),(333482117,4,'2022-05-13',NULL),(333830706,3,'2018-05-31','2021-12-13'),(333830706,3,'2021-12-14','2023-10-24'),(333830706,4,'2023-10-25',NULL),(336768472,6,'2023-04-25',NULL),(338894763,6,'2016-08-06','2020-01-06'),(338894763,8,'2020-01-07','2022-12-27'),(338894763,8,'2022-12-28',NULL),(339061622,3,'2023-02-26',NULL),(339061622,7,'2022-10-03','2023-02-25'),(339061622,10,'2018-09-02','2022-10-02'),(339742328,8,'2022-12-05',NULL),(341942457,4,'2024-02-14',NULL),(342519984,6,'2022-07-24','2023-03-29'),(342519984,6,'2023-03-30',NULL),(342519984,7,'2018-11-16','2022-07-23'),(344468602,4,'2023-01-30',NULL),(344627739,1,'2023-04-17',NULL),(345514976,1,'2021-02-21','2022-04-09'),(345514976,5,'2022-04-10',NULL),(345514976,6,'2019-03-18','2021-02-20'),(346004716,7,'2023-11-15',NULL),(346004716,10,'2020-04-24','2023-11-14'),(346608964,6,'2022-06-26',NULL),(346608964,9,'2021-10-30','2022-06-25'),(350013510,6,'2022-04-25',NULL),(351065870,2,'2023-07-10',NULL),(353820859,4,'2023-04-23',NULL),(353820859,5,'2022-05-15','2023-04-22'),(353820859,6,'2018-09-24','2022-05-14'),(357996661,3,'2022-10-17',NULL),(360838978,1,'2022-03-17',NULL),(363532985,8,'2022-11-01',NULL),(368881929,1,'2023-04-07',NULL),(369468976,4,'2020-09-16','2023-07-06'),(369468976,7,'2023-07-07',NULL),(369468976,8,'2019-10-29','2020-09-15'),(370643888,8,'2021-12-14','2023-01-13'),(370643888,10,'2023-01-14',NULL),(371310653,10,'2022-04-03',NULL),(375011701,5,'2018-01-01','2022-07-07'),(375011701,8,'2023-11-07',NULL),(375011701,10,'2022-07-08','2023-11-06'),(375519693,1,'2019-11-28','2020-06-08'),(375519693,3,'2020-06-09','2023-11-09'),(375519693,6,'2023-11-10',NULL),(375782375,6,'2022-04-18',NULL),(378191056,9,'2022-12-15',NULL),(378191056,10,'2020-07-15','2022-12-14'),(378769452,2,'2022-10-12',NULL),(380792065,8,'2023-01-06',NULL),(383509654,4,'2018-09-14','2023-02-28'),(383509654,6,'2014-08-06','2018-09-13'),(383509654,10,'2023-03-01',NULL),(384829447,7,'2023-06-01',NULL),(384829447,9,'2021-11-02','2023-05-31'),(386884571,2,'2019-02-27','2020-01-08'),(386884571,7,'2020-01-09','2022-08-03'),(386884571,8,'2022-08-04',NULL),(389130256,3,'2022-08-03',NULL),(389277125,4,'2022-07-03','2022-11-29'),(389277125,6,'2022-11-30',NULL),(390832764,1,'2022-10-21',NULL),(391351162,1,'2022-10-16',NULL),(391351162,7,'2022-06-05','2022-10-15'),(391772437,2,'2018-08-20','2023-04-10'),(391772437,2,'2023-04-11',NULL),(391772437,7,'2017-03-22','2018-08-19'),(392197048,7,'2022-10-11',NULL),(392197048,10,'2020-10-05','2022-10-10'),(394883744,4,'2022-04-23',NULL),(394883744,8,'2018-06-29','2022-04-22'),(397367092,6,'2019-09-14','2023-10-07'),(397367092,6,'2023-10-08',NULL),(398621288,2,'2021-03-17','2023-09-28'),(398621288,5,'2023-09-29',NULL),(400604207,9,'2022-02-15','2023-02-23'),(400604207,9,'2023-02-24',NULL),(400742807,1,'2023-11-04',NULL),(400742807,3,'2023-04-26','2023-11-03'),(400742807,10,'2021-06-27','2023-04-25'),(401746050,1,'2018-04-16','2022-12-13'),(401746050,2,'2023-09-17',NULL),(401746050,4,'2022-12-14','2023-09-16'),(403837075,1,'2022-07-22',NULL),(404347371,2,'2024-02-16',NULL),(404347371,3,'2022-11-29','2024-02-15'),(404347371,10,'2019-10-27','2022-11-28'),(405288955,1,'2024-01-20',NULL),(405288955,2,'2019-06-13','2024-01-19'),(405288955,10,'2018-10-24','2019-06-12'),(409301798,1,'2023-07-14',NULL),(411606930,6,'2024-01-02',NULL),(411606930,9,'2022-11-02','2024-01-01'),(411841376,4,'2014-04-30','2018-12-23'),(411841376,4,'2018-12-24','2022-08-21'),(411841376,6,'2022-08-22',NULL),(412546185,4,'2022-04-18',NULL),(412570099,2,'2016-04-27','2020-09-01'),(412570099,9,'2023-02-05',NULL),(412570099,10,'2020-09-02','2023-02-04'),(417165843,3,'2022-05-21',NULL),(417165843,8,'2018-08-18','2022-05-20'),(425642925,1,'2024-02-06',NULL),(425825550,1,'2017-12-06','2021-10-25'),(425825550,1,'2022-03-17',NULL),(425825550,4,'2021-10-26','2022-03-16'),(426006420,5,'2018-05-22','2023-01-22'),(426006420,5,'2023-01-23',NULL),(428224694,4,'2019-06-22','2022-05-06'),(428224694,8,'2022-05-07',NULL),(428224694,9,'2015-07-16','2019-06-21'),(428755632,1,'2022-04-11',NULL),(430367583,1,'2023-04-12',NULL),(430439016,10,'2023-11-15',NULL),(431182005,2,'2020-08-22','2022-12-11'),(431182005,6,'2022-12-12',NULL),(434484757,1,'2022-04-11','2022-10-02'),(434484757,5,'2023-09-26',NULL),(434484757,6,'2022-10-03','2023-09-25'),(437972732,4,'2020-04-04','2020-12-05'),(437972732,6,'2020-12-06','2023-06-27'),(437972732,10,'2023-06-28',NULL),(441224104,4,'2017-05-25','2018-07-18'),(441224104,4,'2023-04-21',NULL),(441224104,9,'2018-07-19','2023-04-20'),(443090111,9,'2023-11-23',NULL),(443090111,10,'2022-09-04','2023-11-22'),(443411171,2,'2023-12-30',NULL),(443411171,3,'2023-09-21','2023-12-29'),(443411171,4,'2020-06-29','2023-09-20'),(444668001,2,'2023-04-13',NULL),(446317448,1,'2018-01-06','2022-08-25'),(446317448,1,'2022-08-26',NULL),(446317448,6,'2014-09-01','2018-01-05'),(446565128,2,'2022-08-25',NULL),(446794508,3,'2023-02-15',NULL),(450635885,7,'2023-04-14',NULL),(452277527,8,'2023-09-14',NULL),(453534111,2,'2020-12-22','2021-05-06'),(453534111,6,'2021-05-07','2023-02-18'),(453534111,9,'2023-02-19',NULL),(454771239,4,'2023-10-03',NULL),(454771239,7,'2020-01-02','2020-11-28'),(454771239,9,'2020-11-29','2023-10-02'),(455247264,1,'2024-01-12',NULL),(455432194,1,'2018-05-26','2022-09-16'),(455432194,3,'2022-09-17',NULL),(457766347,5,'2023-11-23',NULL),(457766347,10,'2022-06-23','2023-11-22'),(459108062,2,'2018-06-19','2019-02-07'),(459108062,3,'2019-02-08','2022-09-01'),(459108062,10,'2022-09-02',NULL),(464225799,5,'2023-03-21',NULL),(464238350,6,'2018-03-22','2022-06-20'),(464238350,9,'2022-06-21',NULL),(464386476,4,'2020-09-13','2022-06-28'),(464386476,5,'2022-06-29','2022-12-28'),(464386476,5,'2022-12-29',NULL),(467095881,1,'2019-10-12','2021-07-08'),(467095881,5,'2022-04-03',NULL),(467095881,8,'2021-07-09','2022-04-02'),(468099609,3,'2023-09-09',NULL),(468530574,9,'2022-11-11',NULL),(473474495,1,'2022-05-17',NULL),(473474495,7,'2020-07-29','2022-05-16'),(477846323,1,'2021-06-13','2022-08-25'),(477846323,1,'2022-08-26',NULL),(478841733,6,'2023-04-10',NULL),(478841733,10,'2020-05-08','2023-04-09'),(478842372,5,'2023-02-09',NULL),(480505729,3,'2022-09-13',NULL),(480505729,5,'2022-01-24','2022-09-12'),(481534852,7,'2023-09-18',NULL),(485027358,1,'2020-08-28','2022-06-14'),(485027358,7,'2022-06-15','2022-08-14'),(485027358,10,'2022-08-15',NULL),(488303403,5,'2023-03-11',NULL),(488681249,4,'2019-03-30','2022-03-11'),(488681249,7,'2022-03-12',NULL),(489222326,2,'2023-03-11',NULL),(492022006,2,'2019-12-28','2024-02-06'),(492022006,5,'2024-02-07',NULL),(492884766,1,'2022-06-04',NULL),(493066344,4,'2023-08-09',NULL),(493066344,5,'2020-11-10','2023-08-08'),(493066344,10,'2019-03-03','2020-11-09'),(494844245,3,'2023-06-05',NULL),(496926997,9,'2022-10-05',NULL),(499698344,3,'2023-09-16',NULL),(499698344,5,'2021-12-30','2023-09-15'),(499698344,6,'2017-04-06','2021-12-29'),(500467733,6,'2023-04-29',NULL),(500863484,8,'2022-03-31',NULL),(502194007,2,'2019-09-13','2022-09-27'),(502194007,3,'2022-09-28',NULL),(502195232,9,'2023-05-26',NULL),(502195232,10,'2019-10-01','2023-05-25'),(504534514,7,'2023-07-09',NULL),(508781548,3,'2020-04-19','2020-09-26'),(508781548,6,'2022-02-22',NULL),(508781548,7,'2020-09-27','2022-02-21'),(509339934,4,'2023-03-10','2023-09-21'),(509339934,9,'2023-09-22',NULL),(512274629,1,'2019-07-31','2022-07-31'),(512274629,1,'2022-08-01',NULL),(512274629,10,'2016-01-03','2019-07-30'),(513198868,4,'2023-08-06',NULL),(513798891,1,'2023-08-18',NULL),(514287936,6,'2022-11-28',NULL),(514287936,10,'2021-01-12','2022-11-27'),(514832132,2,'2023-05-06',NULL),(515335448,1,'2022-05-09','2022-08-17'),(515335448,5,'2022-08-18',NULL),(517692168,1,'2022-03-04',NULL),(518870867,3,'2023-09-28',NULL),(518870867,7,'2021-10-31','2023-09-27'),(519708605,4,'2023-08-04','2023-11-11'),(519708605,5,'2022-05-31','2023-08-03'),(519708605,7,'2023-11-12',NULL),(522415042,2,'2023-03-08',NULL),(522415042,7,'2018-07-15','2023-03-07'),(523439432,1,'2023-11-18',NULL),(523759400,3,'2022-10-26',NULL),(528809459,4,'2022-09-01',NULL),(530788703,1,'2024-02-09',NULL),(530788703,3,'2022-11-12','2024-02-08'),(531293380,1,'2022-10-24',NULL),(532771903,3,'2022-06-25','2022-12-01'),(532771903,7,'2022-12-02',NULL),(533461507,3,'2023-09-12',NULL),(534399042,4,'2019-03-31','2020-04-26'),(534399042,5,'2020-04-27','2023-01-13'),(534399042,9,'2023-01-14',NULL),(536768187,4,'2022-05-24',NULL),(537738739,1,'2022-10-24','2022-12-17'),(537738739,7,'2022-12-18',NULL),(539226792,6,'2023-04-01',NULL),(539627600,2,'2014-09-21','2017-11-06'),(539627600,2,'2022-08-21',NULL),(539627600,10,'2017-11-07','2022-08-20'),(541982612,7,'2023-06-02',NULL),(542853585,3,'2017-06-16','2021-05-18'),(542853585,6,'2022-10-21',NULL),(542853585,9,'2021-05-19','2022-10-20'),(544909353,1,'2023-10-28',NULL),(544909353,4,'2014-03-10','2018-12-27'),(544909353,6,'2018-12-28','2023-10-27'),(545954598,5,'2022-08-25',NULL),(546406204,6,'2023-03-16',NULL),(548620647,6,'2019-08-04','2022-05-13'),(548620647,6,'2022-05-14',NULL),(551431150,1,'2017-12-22','2018-07-15'),(551431150,8,'2018-07-16','2023-04-29'),(551431150,9,'2023-04-30',NULL),(552789713,1,'2018-12-22','2023-06-04'),(552789713,9,'2023-06-05',NULL),(553721030,1,'2023-08-05',NULL),(554418691,4,'2023-05-14',NULL),(557320509,1,'2021-02-26','2023-12-25'),(557320509,6,'2023-12-26',NULL),(561640437,3,'2022-01-26','2023-05-13'),(561640437,4,'2023-05-14',NULL),(562144165,9,'2022-06-01','2023-05-05'),(562144165,9,'2023-05-06',NULL),(562144165,10,'2018-05-17','2022-05-31'),(563180870,1,'2022-05-17',NULL),(565105547,1,'2017-12-18','2020-10-24'),(565105547,2,'2022-08-01',NULL),(565105547,10,'2020-10-25','2022-07-31'),(566000473,5,'2019-08-04','2021-01-05'),(566000473,6,'2021-01-06','2023-08-10'),(566000473,6,'2023-08-11',NULL),(568495925,6,'2023-12-27',NULL),(570886481,3,'2017-06-21','2021-01-16'),(570886481,3,'2022-03-10',NULL),(570886481,10,'2021-01-17','2022-03-09'),(571419508,2,'2016-04-27','2019-01-01'),(571419508,2,'2019-01-02','2023-02-14'),(571419508,5,'2023-02-15',NULL),(572045561,4,'2022-12-13',NULL),(572045561,7,'2018-08-25','2022-12-12'),(572045561,10,'2015-08-11','2018-08-24'),(573272324,7,'2022-08-24',NULL),(578988580,4,'2023-10-12',NULL),(581052613,1,'2022-12-29',NULL),(581052613,3,'2018-06-18','2022-12-28'),(582019559,2,'2022-04-11',NULL),(582019559,4,'2021-12-06','2022-04-10'),(582854174,1,'2023-11-23',NULL),(584220755,10,'2019-08-19','2022-10-07'),(584220755,10,'2022-10-08',NULL),(586572991,3,'2021-09-15','2022-02-12'),(586572991,9,'2022-02-13','2023-09-03'),(586572991,9,'2023-09-04',NULL),(586975485,2,'2022-07-12',NULL),(586975485,8,'2018-04-14','2021-06-11'),(586975485,8,'2021-06-12','2022-07-11'),(591198355,4,'2023-02-23',NULL),(594474210,4,'2023-12-24',NULL),(595646164,1,'2023-06-06',NULL),(595646164,9,'2020-06-29','2023-06-05'),(595646164,10,'2018-03-10','2020-06-28'),(596387382,7,'2022-10-12',NULL),(598463622,9,'2022-07-05',NULL),(598498435,5,'2018-12-05','2022-06-26'),(598498435,10,'2022-06-27',NULL),(600611002,6,'2021-03-24','2022-07-27'),(600611002,6,'2022-07-28',NULL),(600611002,7,'2018-01-02','2021-03-23'),(603636799,5,'2023-11-21',NULL),(603636799,10,'2018-12-09','2023-11-20'),(604379317,2,'2016-07-28','2019-09-27'),(604379317,4,'2022-07-03',NULL),(604379317,7,'2019-09-28','2022-07-02'),(609609027,5,'2022-07-07','2022-08-29'),(609609027,6,'2022-08-30',NULL),(609954743,4,'2020-08-23','2022-05-23'),(609954743,4,'2022-05-24',NULL),(610235198,3,'2023-07-24',NULL),(613621043,8,'2023-09-29',NULL),(613920159,2,'2023-07-18',NULL),(613920159,9,'2021-04-01','2023-07-17'),(617774932,3,'2023-12-23',NULL),(617993594,2,'2024-01-24',NULL),(620669108,4,'2023-10-06',NULL),(622567911,7,'2021-04-04','2022-06-15'),(622567911,8,'2023-02-08',NULL),(622567911,10,'2022-06-16','2023-02-07'),(626155483,1,'2023-08-12',NULL),(627458346,2,'2023-02-25',NULL),(628438766,6,'2023-08-22',NULL),(628526512,7,'2020-10-22','2022-12-30'),(628526512,7,'2022-12-31',NULL),(628746021,3,'2023-12-08',NULL),(629391055,3,'2022-09-23',NULL),(629391055,7,'2020-04-03','2022-09-22'),(629391055,9,'2015-05-14','2020-04-02'),(629394313,4,'2022-10-22',NULL),(636637846,1,'2022-08-30','2022-09-23'),(636637846,4,'2022-09-24',NULL),(636637846,7,'2019-10-13','2022-08-29'),(639093476,3,'2019-01-04','2023-03-17'),(639093476,10,'2023-03-18',NULL),(640601714,4,'2023-01-15',NULL),(641357090,2,'2019-10-30','2022-04-26'),(641357090,5,'2019-04-13','2019-10-29'),(641357090,10,'2022-04-27',NULL),(642584138,4,'2022-04-14',NULL),(642584138,5,'2020-05-12','2022-04-13'),(642584138,8,'2018-01-10','2020-05-11'),(646445058,1,'2020-05-10','2023-10-02'),(646445058,9,'2017-09-23','2020-05-09'),(646445058,10,'2023-10-03',NULL),(651357987,3,'2023-01-20',NULL),(655368305,6,'2020-10-10','2023-08-15'),(655368305,6,'2023-08-16',NULL),(655368305,10,'2017-10-10','2020-10-09'),(656003841,1,'2019-09-24','2023-01-31'),(656003841,2,'2023-02-01',NULL),(657411583,3,'2022-07-18',NULL),(657411583,5,'2016-05-11','2020-01-07'),(657411583,6,'2020-01-08','2022-07-17'),(659691609,10,'2024-02-15',NULL),(659958776,2,'2016-11-02','2018-11-28'),(659958776,2,'2018-11-29','2022-07-26'),(659958776,5,'2022-07-27',NULL),(660649090,4,'2021-01-05','2022-03-28'),(660649090,9,'2022-03-29',NULL),(661542420,8,'2019-07-16','2024-01-05'),(661542420,10,'2018-03-26','2019-07-15'),(661542420,10,'2024-01-06',NULL),(661554617,4,'2022-07-22',NULL),(661554617,5,'2021-12-04','2022-07-21'),(663615868,2,'2022-05-29',NULL),(663615868,6,'2016-03-31','2021-01-08'),(663615868,6,'2021-01-09','2022-05-28'),(665380015,4,'2023-01-10',NULL),(665380015,8,'2022-12-30','2023-01-09'),(665560857,3,'2023-12-09',NULL),(665560857,7,'2022-12-13','2023-03-13'),(665560857,10,'2023-03-14','2023-12-08'),(669171312,1,'2021-11-14','2023-12-29'),(669171312,10,'2018-08-27','2021-11-13'),(669171312,10,'2023-12-30',NULL),(670562477,6,'2018-04-09','2023-03-02'),(670562477,10,'2023-03-03',NULL),(671877084,1,'2023-07-28',NULL),(671877084,7,'2016-12-19','2020-10-10'),(671877084,10,'2020-10-11','2023-07-27'),(672277101,4,'2015-12-02','2019-05-11'),(672277101,4,'2019-05-12','2022-03-22'),(672277101,4,'2022-03-23',NULL),(679395707,6,'2022-07-04',NULL),(681611553,7,'2017-04-06','2020-01-29'),(681611553,8,'2022-08-14',NULL),(681611553,10,'2020-01-30','2022-08-13'),(682619751,5,'2019-06-06','2023-09-20'),(682619751,9,'2014-10-15','2019-06-05'),(682619751,9,'2023-09-21',NULL),(682730390,1,'2022-10-12',NULL),(684281834,3,'2017-07-12','2022-03-20'),(684281834,5,'2022-03-21',NULL),(684996154,5,'2017-03-10','2019-08-26'),(684996154,5,'2022-12-20',NULL),(684996154,10,'2019-08-27','2022-12-19'),(689179184,9,'2023-09-20',NULL),(693225700,5,'2023-01-08',NULL),(693225700,8,'2016-02-04','2020-08-10'),(693225700,8,'2020-08-11','2023-01-07'),(693441174,9,'2021-07-20','2023-07-17'),(693441174,9,'2023-07-18',NULL),(694466010,8,'2023-01-14',NULL),(695381047,1,'2023-09-06',NULL),(695510874,1,'2024-01-30',NULL),(695510874,6,'2017-03-27','2020-08-02'),(695510874,7,'2020-08-03','2024-01-29'),(696511034,1,'2022-05-21',NULL),(698465573,1,'2020-11-15','2022-03-27'),(698465573,9,'2022-03-28',NULL),(698465573,10,'2017-06-19','2020-11-14'),(698627904,6,'2019-02-01','2023-08-28'),(698627904,9,'2023-08-29',NULL),(699371977,2,'2022-07-27','2022-10-27'),(699371977,4,'2022-10-28',NULL),(699371977,8,'2022-03-05','2022-07-26');
/*!40000 ALTER TABLE `Employments` ENABLE KEYS */;
UNLOCK TABLES;


--
-- Table structure for table `InfectionTypes`
--

DROP TABLE IF EXISTS `InfectionTypes`;
/*!40101 SET @saved_cs_client     = @@character_set_client */;
/*!50503 SET character_set_client = utf8mb4 */;
CREATE TABLE `InfectionTypes` (
  `TypeID` int NOT NULL AUTO_INCREMENT,
  `TypeName` varchar(50) COLLATE utf8mb3_unicode_ci NOT NULL,
  PRIMARY KEY (`TypeID`),
  UNIQUE KEY `TypeName` (`TypeName`)
) ENGINE=InnoDB AUTO_INCREMENT=9 DEFAULT CHARSET=utf8mb3 COLLATE=utf8mb3_unicode_ci;
/*!40101 SET character_set_client = @saved_cs_client */;

--
-- Dumping data for table `InfectionTypes`
--

LOCK TABLES `InfectionTypes` WRITE;
/*!40000 ALTER TABLE `InfectionTypes` DISABLE KEYS */;
INSERT INTO `InfectionTypes` VALUES (1,'COVID-19'),(3,'MERS-CoV'),(6,'Rhinovirus'),(5,'RSV'),(4,'SARS-CoV'),(2,'SARS-Cov-2 Variant'),(7,'Seasonal Influenza');
/*!40000 ALTER TABLE `InfectionTypes` ENABLE KEYS */;
UNLOCK TABLES;

--
-- Table structure for table `Infections`
--

DROP TABLE IF EXISTS `Infections`;
/*!40101 SET @saved_cs_client     = @@character_set_client */;
/*!50503 SET character_set_client = utf8mb4 */;
CREATE TABLE `Infections` (
  `SSN` int NOT NULL,
  `Date` date NOT NULL,
  `TypeID` int NOT NULL,
  PRIMARY KEY (`SSN`,`TypeID`,`Date`),
  KEY `TypeID` (`TypeID`),
  CONSTRAINT `infections_ibfk_1` FOREIGN KEY (`SSN`) REFERENCES `Persons` (`SSN`),
  CONSTRAINT `Infections_ibfk_2` FOREIGN KEY (`TypeID`) REFERENCES `InfectionTypes` (`TypeID`)
) ENGINE=InnoDB DEFAULT CHARSET=utf8mb3 COLLATE=utf8mb3_unicode_ci;
/*!40101 SET character_set_client = @saved_cs_client */;

--
-- Dumping data for table `Infections`
--

LOCK TABLES `Infections` WRITE;
/*!40000 ALTER TABLE `Infections` DISABLE KEYS */;
INSERT INTO `Infections` VALUES (202078693,'2003-12-12',1),(202149819,'2021-06-24',1),(202149819,'2022-09-04',1),(202149819,'2024-02-09',1),(211613017,'2021-10-14',1),(211613017,'2023-06-30',1),(218029537,'2022-02-07',1),(222893560,'2022-04-02',1),(228543186,'2023-04-15',1),(235216613,'2022-10-14',1),(240670332,'2024-01-02',1),(250344156,'2021-11-23',1),(251227589,'2022-04-16',1),(254428331,'2022-09-02',1),(267107489,'2023-03-24',1),(279966198,'2022-09-23',1),(294209324,'2023-01-30',1),(294744928,'2023-05-13',1),(294744928,'2023-07-12',1),(305122660,'2022-07-12',1),(305122660,'2022-07-30',1),(313131211,'2023-02-04',1),(317575975,'2023-07-12',1),(321387930,'2022-04-14',1),(321872488,'2023-07-15',1),(324776587,'2023-03-10',1),(341942457,'2023-11-16',1),(344764738,'2024-01-23',1),(346004716,'2021-10-28',1),(369468976,'2021-09-18',1),(369468976,'2022-01-26',1),(375782375,'2023-02-20',1),(378187003,'2023-07-19',1),(380792065,'2023-02-04',1),(384829447,'2021-04-26',1),(384829447,'2022-12-04',1),(389277125,'2023-10-26',1),(391772437,'2022-12-06',1),(395854765,'2023-10-08',1),(412546185,'2022-02-28',1),(412546185,'2022-10-04',1),(412570099,'2022-11-22',1),(436899010,'2022-05-27',1),(443090111,'2021-10-02',1),(446794508,'2023-05-18',1),(450635885,'2021-08-09',1),(452277527,'2023-05-14',1),(454771239,'2024-01-18',1),(455432194,'2024-01-29',1),(455432194,'2024-02-03',1),(458468122,'2023-04-21',1),(468099609,'2021-03-24',1),(481534852,'2021-03-30',1),(481534852,'2021-10-25',1),(482360086,'2024-02-06',1),(502195232,'2021-03-21',1),(504534514,'2021-04-30',1),(514287936,'2022-03-19',1),(514287936,'2023-01-04',1),(514832132,'2023-03-27',1),(517692168,'2021-06-30',1),(517692168,'2023-10-04',1),(518870867,'2022-02-07',1),(533461507,'2023-11-15',1),(535780597,'2022-03-03',1),(535780597,'2022-08-08',1),(536768187,'2022-09-30',1),(539226792,'2021-09-14',1),(544909353,'2021-09-20',1),(545954598,'2022-01-10',1),(546406204,'2024-01-20',1),(552789713,'2021-03-29',1),(563180870,'2023-12-04',1),(565105547,'2022-04-16',1),(565105547,'2022-09-26',1),(576072281,'2021-12-24',1),(576072281,'2023-01-16',1),(586975485,'2022-10-24',1),(598498435,'2023-09-07',1),(605589929,'2023-10-22',1),(609609027,'2024-01-20',1),(622567911,'2021-11-17',1),(640902787,'2024-01-17',1),(646445058,'2023-09-19',1),(651357987,'2022-02-12',1),(675257681,'2021-10-20',1),(675257681,'2022-07-08',1),(675257681,'2024-01-07',1),(682619751,'2021-08-04',1),(686939458,'2022-02-21',1),(217546564,'2023-10-22',2),(222893560,'2023-06-12',2),(235222236,'2021-08-12',2),(239190268,'2022-11-15',2),(240670332,'2022-12-21',2),(241659878,'2023-04-16',2),(241659878,'2023-07-24',2),(245897353,'2022-03-15',2),(247154731,'2021-12-20',2),(248198575,'2023-12-24',2),(248917772,'2022-11-19',2),(250344156,'2023-09-27',2),(252587102,'2022-05-04',2),(252587102,'2023-04-04',2),(254428331,'2021-08-14',2),(263785884,'2022-09-02',2),(267108217,'2023-09-29',2),(282195004,'2023-11-05',2),(294209324,'2021-10-01',2),(294209324,'2022-05-23',2),(306635426,'2022-11-07',2),(309623499,'2022-04-03',2),(309623499,'2022-09-04',2),(312413745,'2022-09-20',2),(313131211,'2023-09-22',2),(314817060,'2023-03-01',2),(321585201,'2023-05-06',2),(323070158,'2023-05-04',2),(324533253,'2021-04-18',2),(324533253,'2022-10-31',2),(324776587,'2021-02-20',2),(337344367,'2021-12-29',2),(344764738,'2021-09-21',2),(346004716,'2021-03-01',2),(369468976,'2022-11-17',2),(370643888,'2021-06-23',2),(378187003,'2022-10-06',2),(384829447,'2022-07-07',2),(397367092,'2021-04-11',2),(401746050,'2021-07-13',2),(405061338,'2023-06-01',2),(412570099,'2022-02-08',2),(422445803,'2021-11-01',2),(428224694,'2021-03-19',2),(428224694,'2022-06-15',2),(434484757,'2022-04-12',2),(443090111,'2021-04-30',2),(446317448,'2022-03-07',2),(452277527,'2021-06-09',2),(464225799,'2021-03-01',2),(477846323,'2023-10-15',2),(478841733,'2023-03-16',2),(492884766,'2022-07-06',2),(494844245,'2022-07-07',2),(500467733,'2023-06-19',2),(502195232,'2023-01-22',2),(536768187,'2023-02-25',2),(537479482,'2022-09-17',2),(537738739,'2021-07-02',2),(537738739,'2024-02-10',2),(550042129,'2022-12-06',2),(561640437,'2022-02-16',2),(563180870,'2021-08-27',2),(578988580,'2023-10-14',2),(580373356,'2021-12-07',2),(584220755,'2022-04-24',2),(585740150,'2022-01-30',2),(598498435,'2023-07-28',2),(604379317,'2022-04-15',2),(617774932,'2022-06-07',2),(639093476,'2022-12-02',2),(641184895,'2023-08-06',2),(641357090,'2021-10-27',2),(656059344,'2021-06-02',2),(656059344,'2023-03-04',2),(659691609,'2023-12-12',2),(669171312,'2022-05-27',2),(670562477,'2022-08-04',2),(672277101,'2023-08-24',2),(682619751,'2021-05-19',2),(682619751,'2022-07-25',2),(686298044,'2023-04-09',2),(686298044,'2024-01-24',2),(686939458,'2021-09-19',2),(690890159,'2022-05-04',2),(693488915,'2021-05-21',2),(211613017,'2021-09-22',3),(215933091,'2023-06-30',3),(218029537,'2024-01-19',3),(225999716,'2024-01-31',3),(226221732,'2023-04-19',3),(226221732,'2024-01-01',3),(235216613,'2023-09-26',3),(235216613,'2024-01-03',3),(240670332,'2021-12-08',3),(241659878,'2022-02-21',3),(246500097,'2021-05-02',3),(246500097,'2024-02-09',3),(248144235,'2022-11-22',3),(250344156,'2021-03-14',3),(251227589,'2023-07-05',3),(263785884,'2022-12-31',3),(270879179,'2022-11-18',3),(279682450,'2021-12-11',3),(279966198,'2023-09-17',3),(282195004,'2022-11-30',3),(298097829,'2023-04-18',3),(300420213,'2023-10-05',3),(321585201,'2021-11-14',3),(324776587,'2023-12-21',3),(328092673,'2022-09-03',3),(332553653,'2022-07-25',3),(341942457,'2021-05-02',3),(344764738,'2022-06-29',3),(370643888,'2023-06-03',3),(375782375,'2023-11-08',3),(378187003,'2023-03-25',3),(389130256,'2023-10-05',3),(394883744,'2023-07-27',3),(418582342,'2023-11-04',3),(446794508,'2023-03-11',3),(454771239,'2021-07-25',3),(454771239,'2023-10-06',3),(459713296,'2022-05-09',3),(468099609,'2022-08-27',3),(475828052,'2021-09-18',3),(493066344,'2021-09-08',3),(499698344,'2021-10-11',3),(522415042,'2023-08-22',3),(522415042,'2024-01-19',3),(528690092,'2022-03-25',3),(528809459,'2021-06-08',3),(537479482,'2023-02-28',3),(537479482,'2023-04-04',3),(542853585,'2021-05-03',3),(542853585,'2021-08-18',3),(545954598,'2022-07-14',3),(545954598,'2023-05-20',3),(548620647,'2022-05-01',3),(551431150,'2022-01-07',3),(561640437,'2023-05-26',3),(571419508,'2022-02-07',3),(571419508,'2022-11-05',3),(572045561,'2023-12-31',3),(585740150,'2021-08-01',3),(593878508,'2022-10-20',3),(598498435,'2023-03-21',3),(604379317,'2022-07-15',3),(621306799,'2024-02-12',3),(646445058,'2023-08-18',3),(659691609,'2022-10-04',3),(679395707,'2021-03-22',3),(684996154,'2024-01-20',3),(686939458,'2022-02-11',3),(689179184,'2021-03-01',3),(696902489,'2021-06-02',3),(696902489,'2023-03-01',3),(226221732,'2022-10-21',4),(245897353,'2022-02-09',4),(247154731,'2023-04-25',4),(248861715,'2022-12-02',4),(248861715,'2023-10-26',4),(251227589,'2022-01-17',4),(259271285,'2021-06-30',4),(267107489,'2021-09-03',4),(267108217,'2024-01-06',4),(269892250,'2021-10-04',4),(277406467,'2021-04-20',4),(282195004,'2021-03-16',4),(283476908,'2022-03-25',4),(283476908,'2023-06-18',4),(295498336,'2021-11-15',4),(305122660,'2022-07-16',4),(306635426,'2021-05-19',4),(312413745,'2021-08-26',4),(314817060,'2022-06-27',4),(316697342,'2021-12-31',4),(323070158,'2023-10-23',4),(324533253,'2022-03-20',4),(324661440,'2022-12-18',4),(325506412,'2021-03-24',4),(339061622,'2021-12-13',4),(341942457,'2022-02-19',4),(344764738,'2022-12-29',4),(375519693,'2021-12-16',4),(391351162,'2022-02-18',4),(391351162,'2023-09-15',4),(391772437,'2022-05-12',4),(397367092,'2021-11-04',4),(397367092,'2023-03-22',4),(397367092,'2023-07-05',4),(399709777,'2023-03-18',4),(403837075,'2021-06-02',4),(436899010,'2023-12-31',4),(443090111,'2022-09-21',4),(446317448,'2021-10-10',4),(446565128,'2023-02-02',4),(454771239,'2021-05-18',4),(468099609,'2022-09-21',4),(478841733,'2021-04-28',4),(492884766,'2023-10-23',4),(496511672,'2021-02-23',4),(522415042,'2022-05-06',4),(522415042,'2023-05-29',4),(524527142,'2022-05-19',4),(528809459,'2022-11-19',4),(528809459,'2023-07-25',4),(545954598,'2023-07-30',4),(546406204,'2021-04-05',4),(552789713,'2021-05-24',4),(552789713,'2023-02-21',4),(563180870,'2023-12-31',4),(576248710,'2023-07-24',4),(580373356,'2021-07-24',4),(582854174,'2021-07-10',4),(599619733,'2022-10-09',4),(604379317,'2021-10-21',4),(605589929,'2022-09-26',4),(621306799,'2022-04-19',4),(627458346,'2021-11-27',4),(627458346,'2022-11-24',4),(651357987,'2021-05-19',4),(659152394,'2023-12-01',4),(659691609,'2022-05-26',4),(660649090,'2021-04-01',4),(670562477,'2022-05-05',4),(670714573,'2022-11-30',4),(689179184,'2023-11-26',4),(695510874,'2022-09-10',4),(699371977,'2022-06-01',4),(228543186,'2022-04-04',5),(228543186,'2022-10-11',5),(235222236,'2023-04-01',5),(240670332,'2023-05-10',5),(248917772,'2024-02-07',5),(254564895,'2023-05-21',5),(277406467,'2023-08-07',5),(279682450,'2022-04-10',5),(281415463,'2021-10-18',5),(281415463,'2023-12-23',5),(289559623,'2021-10-04',5),(289559623,'2022-05-28',5),(294744928,'2021-03-31',5),(300420213,'2022-12-30',5),(305122660,'2023-11-24',5),(306635426,'2022-12-30',5),(308616311,'2021-10-26',5),(312413745,'2022-05-01',5),(313131211,'2023-12-24',5),(314817060,'2022-05-09',5),(314817060,'2022-06-03',5),(319139548,'2021-11-15',5),(323070158,'2022-06-29',5),(324661440,'2022-12-22',5),(333830706,'2022-12-23',5),(346004716,'2023-09-23',5),(350013510,'2023-12-27',5),(363532985,'2021-11-15',5),(389130256,'2023-05-30',5),(394669259,'2023-05-11',5),(394883744,'2023-03-12',5),(401746050,'2023-05-16',5),(412546185,'2022-03-17',5),(418582342,'2022-01-28',5),(418582342,'2022-08-30',5),(422445803,'2021-08-06',5),(443411171,'2022-04-06',5),(458468122,'2022-01-20',5),(458939432,'2023-12-15',5),(464225799,'2022-11-24',5),(489222326,'2022-08-16',5),(489222326,'2023-07-28',5),(492884766,'2022-04-14',5),(497916095,'2023-06-15',5),(499698344,'2022-07-27',5),(500467733,'2021-03-19',5),(504534514,'2023-05-14',5),(514832132,'2021-09-11',5),(528690092,'2021-04-07',5),(535780597,'2022-02-05',5),(537479482,'2022-02-05',5),(539226792,'2023-06-13',5),(548620647,'2023-10-30',5),(550042129,'2021-03-07',5),(553721030,'2021-09-14',5),(563180870,'2022-12-17',5),(580373356,'2022-04-19',5),(584220755,'2023-08-24',5),(593878508,'2022-03-07',5),(599619733,'2023-11-22',5),(621306799,'2023-06-24',5),(627458346,'2023-07-06',5),(660649090,'2022-12-11',5),(679395707,'2024-01-22',5),(684281834,'2022-04-08',5),(684281834,'2023-02-16',5),(684281834,'2023-09-07',5),(684996154,'2021-11-19',5),(686298044,'2022-12-11',5),(693488915,'2021-09-27',5),(693488915,'2023-08-13',5),(226563893,'2023-11-16',6),(235441252,'2021-05-18',6),(241659878,'2023-08-08',6),(245897353,'2023-04-29',6),(248917772,'2021-12-30',6),(248917772,'2023-10-01',6),(251227589,'2023-04-13',6),(259271285,'2023-07-29',6),(277406467,'2022-01-15',6),(277406467,'2023-10-21',6),(279682450,'2023-03-23',6),(279966198,'2022-06-07',6),(294744928,'2023-11-10',6),(298097829,'2022-01-18',6),(306635426,'2023-03-29',6),(308616311,'2022-03-03',6),(309623499,'2022-10-12',6),(312413745,'2023-11-25',6),(317575975,'2021-07-04',6),(319139548,'2022-05-20',6),(324533253,'2023-02-09',6),(324661440,'2023-05-10',6),(325071345,'2023-10-15',6),(325506412,'2023-12-08',6),(328133624,'2022-10-09',6),(336768472,'2021-07-02',6),(336768472,'2021-10-22',6),(337344367,'2022-01-26',6),(339742328,'2023-07-11',6),(349279434,'2023-12-01',6),(370643888,'2021-10-13',6),(370643888,'2023-12-18',6),(389130256,'2022-02-05',6),(389277125,'2021-12-19',6),(392197048,'2023-08-11',6),(395854765,'2023-05-01',6),(395854765,'2023-10-19',6),(403837075,'2021-04-01',6),(436899010,'2023-12-25',6),(446565128,'2023-06-22',6),(452277527,'2022-10-28',6),(458939432,'2023-08-21',6),(459713296,'2021-11-03',6),(459713296,'2023-02-08',6),(464225799,'2022-08-30',6),(468099609,'2022-08-31',6),(478841733,'2023-01-12',6),(478842372,'2023-06-17',6),(482360086,'2022-02-04',6),(488303403,'2022-01-15',6),(493066344,'2021-11-13',6),(499698344,'2021-02-26',6),(502195232,'2023-07-15',6),(514832132,'2022-06-26',6),(533461507,'2021-12-02',6),(544909353,'2023-07-20',6),(548620647,'2021-07-31',6),(551431150,'2023-07-23',6),(565105547,'2023-06-29',6),(576072281,'2022-12-14',6),(576248710,'2021-09-18',6),(576248710,'2021-10-12',6),(578988580,'2022-04-20',6),(578988580,'2023-01-06',6),(584220755,'2021-12-14',6),(600005637,'2022-10-25',6),(608924933,'2022-01-26',6),(609609027,'2021-02-24',6),(628746021,'2021-06-11',6),(640902787,'2023-01-06',6),(651357987,'2022-08-15',6),(659691609,'2021-12-03',6),(679395707,'2022-04-14',6),(682619751,'2022-01-09',6),(684996154,'2021-11-07',6),(699371977,'2023-07-24',6),(699371977,'2023-08-27',6),(215933091,'2021-06-24',7),(215933091,'2023-10-06',7),(217546564,'2023-01-04',7),(218029537,'2022-03-20',7),(219272004,'2022-07-20',7),(222893560,'2023-11-29',7),(226221732,'2022-04-02',7),(226563893,'2022-02-16',7),(235222236,'2023-03-24',7),(239190268,'2021-06-29',7),(239190268,'2022-11-03',7),(252587102,'2024-02-18',7),(254428331,'2021-03-08',7),(254564895,'2021-11-19',7),(267108217,'2023-07-17',7),(269892250,'2022-08-06',7),(279682450,'2023-06-13',7),(281415463,'2021-05-21',7),(282195004,'2021-11-29',7),(295498336,'2023-07-17',7),(308616311,'2022-10-14',7),(319139548,'2022-07-04',7),(321387930,'2021-06-12',7),(321387930,'2021-07-25',7),(321387930,'2023-09-04',7),(323070158,'2023-07-07',7),(324776587,'2022-05-08',7),(328092673,'2023-08-18',7),(328092673,'2024-01-25',7),(332553653,'2021-06-30',7),(332553653,'2023-06-15',7),(335122447,'2023-11-02',7),(336768472,'2022-02-13',7),(349279434,'2022-07-18',7),(375519693,'2022-08-26',7),(375782375,'2024-01-19',7),(384829447,'2021-06-23',7),(391351162,'2023-06-02',7),(391772437,'2023-12-29',7),(392197048,'2023-11-29',7),(395854765,'2022-07-15',7),(412570099,'2021-04-20',7),(430367583,'2023-03-02',7),(452277527,'2022-04-05',7),(464225799,'2022-10-05',7),(477846323,'2023-06-01',7),(478841733,'2021-02-20',7),(478842372,'2022-09-10',7),(481534852,'2023-01-05',7),(483855612,'2022-02-14',7),(488303403,'2024-02-06',7),(489222326,'2023-02-06',7),(494844245,'2022-12-08',7),(494844245,'2024-02-14',7),(497916095,'2022-01-20',7),(499698344,'2022-06-14',7),(512274629,'2021-10-01',7),(514287936,'2024-02-16',7),(524527142,'2023-12-05',7),(537738739,'2023-12-29',7),(542853585,'2022-01-20',7),(548620647,'2022-11-30',7),(552789713,'2023-07-13',7),(561640437,'2021-05-06',7),(572045561,'2022-02-11',7),(584220755,'2023-06-23',7),(600005637,'2022-03-06',7),(600005637,'2023-10-31',7),(600005637,'2023-12-05',7),(603636799,'2022-01-15',7),(604379317,'2023-12-25',7),(617774932,'2022-10-18',7),(625036841,'2023-01-01',7),(627458346,'2021-11-21',7),(640601714,'2022-01-21',7),(646445058,'2021-09-07',7),(646445058,'2023-07-29',7),(651357987,'2021-05-29',7),(656059344,'2022-01-18',7),(659152394,'2021-10-05',7),(659152394,'2023-08-11',7),(670714573,'2024-02-09',7),(684996154,'2022-08-25',7),(686298044,'2021-12-02',7),(686939458,'2021-12-13',7),(690652345,'2021-08-21',7),(690652345,'2023-01-21',7),(693225700,'2022-12-19',7),(693488915,'2022-11-03',7),(696902489,'2022-01-14',7),(699371977,'2021-08-28',7);
/*!40000 ALTER TABLE `Infections` ENABLE KEYS */;
UNLOCK TABLES;


--
-- Table structure for table `Residences`
--

DROP TABLE IF EXISTS `Residences`;
/*!40101 SET @saved_cs_client     = @@character_set_client */;
/*!50503 SET character_set_client = utf8mb4 */;
CREATE TABLE `Residences` (
  `ResID` int NOT NULL AUTO_INCREMENT,
  `Address` varchar(100) COLLATE utf8mb3_unicode_ci NOT NULL,
  `City` varchar(50) COLLATE utf8mb3_unicode_ci NOT NULL,
  `Province` varchar(25) COLLATE utf8mb3_unicode_ci NOT NULL,
  `PostalCode` char(6) COLLATE utf8mb3_unicode_ci NOT NULL,
  `NoOfBedrooms` int DEFAULT NULL,
  `Type` enum('apartment','condominium','semidetached house','house') COLLATE utf8mb3_unicode_ci NOT NULL,
  PRIMARY KEY (`ResID`)
) ENGINE=InnoDB AUTO_INCREMENT=152 DEFAULT CHARSET=utf8mb3 COLLATE=utf8mb3_unicode_ci;
/*!40101 SET character_set_client = @saved_cs_client */;

--
-- Dumping data for table `Residences`
--

LOCK TABLES `Residences` WRITE;
/*!40000 ALTER TABLE `Residences` DISABLE KEYS */;
INSERT INTO `Residences` VALUES (1,'3632 White Station','Westmount','QC','Y2V2E9',2,'apartment'),(2,'2943 Bogan Rapids','Westmount','QC','B5M2J4',3,'condominium'),(3,'107 Legros Streets','Brossard','QC','Y8N6O6',5,'house'),(4,'79574 Crystel Prairie','Brossard','QC','A6B2R5',4,'house'),(5,'79831 Krista Walk','Westmount','QC','L2P3V8',3,'semidetached house'),(6,'5452 Trinity River','Brossard','QC','V8M2N0',5,'apartment'),(7,'44766 Damion Bridge','Montreal','QC','N7X0O5',2,'house'),(8,'835 Schneider Bypass','Montreal','QC','N5Z4J4',3,'condominium'),(9,'1040 Becker Island','Brossard','QC','Y8L2V5',2,'apartment'),(10,'0806 Reagan Ways','Brossard','QC','T2Y2I5',1,'semidetached house'),(11,'46564 Erwin Fort','Cote St-Luc','QC','N0J2H1',5,'semidetached house'),(12,'314 Avery Mountains','Brossard','QC','H4E6Y1',5,'condominium'),(13,'21809 Fay Fall','Cote St-Luc','QC','P5K9F9',5,'house'),(14,'958 Jedidiah Plaza','Brossard','QC','R5T7Q3',4,'condominium'),(15,'523 Nasir Spring','Brossard','QC','A0O8O8',4,'condominium'),(16,'292 Darrell Road','Laval','QC','T8J7Z8',5,'condominium'),(17,'8689 Alexandre Ways','Brossard','QC','M8U5T4',5,'semidetached house'),(18,'860 Kayla Mill','Westmount','QC','L4M4B3',2,'semidetached house'),(19,'513 Sophia Light','Cote St-Luc','QC','S5D1V1',2,'semidetached house'),(20,'4037 Jack Rest','Cote St-Luc','QC','P4P3L9',2,'semidetached house'),(21,'817 Boyle Hills','Montreal','QC','Y4H4G0',4,'semidetached house'),(22,'26706 Daugherty Route','Montreal','QC','J7Y9B1',1,'semidetached house'),(23,'2582 Melany Motorway','Montreal','QC','A1G6Z8',2,'apartment'),(24,'1081 Jeffery Causeway','Laval','QC','L6H1Q7',2,'semidetached house'),(25,'790 Powlowski Stravenue','Montreal','QC','B7X6X9',1,'condominium'),(26,'44898 Langosh Harbor','Laval','QC','H8N5P0',1,'semidetached house'),(27,'067 Santa Mountains','Montreal','QC','N2Q8R5',2,'semidetached house'),(28,'000 Torphy Cliffs','Laval','QC','K5Y6E8',1,'apartment'),(29,'456 Laney Path','Laval','QC','K7H6G8',1,'apartment'),(30,'5300 Blanda Estate','Westmount','QC','J6R4Z5',3,'semidetached house'),(31,'35851 Rogers Way','Cote St-Luc','QC','K6A4Y7',1,'apartment'),(32,'2554 Rylan Spurs','Montreal','QC','G2N3K6',3,'condominium'),(33,'3844 Price Inlet','Brossard','QC','M6D2F4',5,'house'),(34,'06228 Hartmann Crest','Brossard','QC','E6K8M8',3,'condominium'),(35,'1896 Price Fall','Montreal','QC','J8P7J5',3,'semidetached house'),(36,'965 Wuckert Springs','Westmount','QC','L0K0O5',5,'house'),(37,'7574 Carter Spurs','Montreal','QC','E2Z2U3',3,'apartment'),(38,'306 Cassin Unions','Westmount','QC','G1K3Q4',2,'semidetached house'),(39,'606 Dejuan Cliffs','Cote St-Luc','QC','V6O9W3',4,'condominium'),(40,'539 Gutkowski Ferry','Westmount','QC','Y6Q4Q9',2,'semidetached house'),(41,'820 Kaylie Meadows','Cote St-Luc','QC','N0W3B2',4,'apartment'),(42,'357 Jakayla Groves','Laval','QC','B7P3C8',1,'house'),(43,'3611 Luisa Lodge','Cote St-Luc','QC','X8S8W0',2,'condominium'),(44,'1658 Cletus Trace','Westmount','QC','E7P3A6',4,'condominium'),(45,'70587 Fern Radial','Laval','QC','S2O8B4',2,'semidetached house'),(46,'37403 Thompson Orchard','Brossard','QC','B8U6U8',3,'house'),(47,'079 Hirthe Fall','Westmount','QC','C3J1Y7',5,'semidetached house'),(48,'975 Zieme Fall','Westmount','QC','N5Q9Y3',4,'condominium'),(49,'993 Ricky Mall','Westmount','QC','P2C9O6',1,'semidetached house'),(50,'64279 Swift Mountains','Westmount','QC','A1S2Q3',4,'condominium'),(51,'73609 Gleason Square','Brossard','QC','Y2A6K1',5,'apartment'),(52,'4297 Brakus Springs','Laval','QC','A4K6S9',2,'semidetached house'),(53,'18857 Marge Alley','Montreal','QC','C1H1H7',3,'condominium'),(54,'86898 Jared Port','Westmount','QC','K5R0A4',5,'apartment'),(55,'603 Damon Trace','Montreal','QC','M9X3Q6',1,'house'),(56,'1443 Alec Lights','Montreal','QC','S4T1P0',3,'house'),(57,'16211 Veum Loaf','Laval','QC','Y4L4Y2',2,'apartment'),(58,'03518 Maria Forks','Montreal','QC','T8G6H2',2,'house'),(59,'6551 Wilderman Trail','Montreal','QC','J5K1D3',4,'apartment'),(60,'5402 Gislason Meadow','Montreal','QC','H0R2D9',2,'apartment'),(61,'03892 Daugherty Burg','Cote St-Luc','QC','L1S6H7',2,'condominium'),(62,'93677 Veum Islands','Brossard','QC','K9T8Y6',4,'condominium'),(63,'9413 Zemlak Expressway','Montreal','QC','P5N8R3',2,'house'),(64,'835 Toy Center','Brossard','QC','X8M7J6',5,'semidetached house'),(65,'21027 Reichert Gateway','Laval','QC','S4Y4Y9',1,'condominium'),(66,'739 Gibson Stravenue','Brossard','QC','Y2M1K5',1,'semidetached house'),(67,'973 Gilberto Oval','Brossard','QC','J3R8X8',4,'semidetached house'),(68,'1717 Heidenreich Burg','Brossard','QC','G4Q5Y9',3,'semidetached house'),(69,'61695 Hyatt Drive','Montreal','QC','S5G2B1',2,'apartment'),(70,'238 Brakus Loop','Laval','QC','R1Z4E1',4,'semidetached house'),(71,'156 Devan Circles','Cote St-Luc','QC','N4B2A4',3,'semidetached house'),(72,'100 Witting Route','Brossard','QC','R2I5S8',2,'apartment'),(73,'101 Reanna Path','Montreal','QC','B2K4B3',1,'apartment'),(74,'5176 Fadel Walk','Cote St-Luc','QC','B2N5N3',3,'apartment'),(75,'5369 Jast Ferry','Laval','QC','X5V7R0',5,'semidetached house'),(76,'953 Nolan Fort','Cote St-Luc','QC','C6W6D9',2,'apartment'),(77,'788 Talia Fords','Montreal','QC','A3O5V3',4,'semidetached house'),(78,'85521 Schumm Common','Cote St-Luc','QC','K0J6U5',5,'apartment'),(79,'7843 Annabell Village','Westmount','QC','C5U5X8',1,'condominium'),(80,'550 Osvaldo Summit','Laval','QC','R6E2I5',1,'semidetached house'),(81,'980 Dejon Camp','Laval','QC','N7A0F8',3,'house'),(82,'13057 Gusikowski Plain','Brossard','QC','K6W8P9',2,'semidetached house'),(83,'051 Ratke Junctions','Westmount','QC','C8E9H0',3,'semidetached house'),(84,'185 Wisozk Motorway','Laval','QC','L0T8Y7',4,'apartment'),(85,'8267 Catharine Views','Montreal','QC','T8E6A4',1,'house'),(86,'11323 Sawayn Squares','Laval','QC','M9P4W2',1,'semidetached house'),(87,'9251 Karen Square','Montreal','QC','G8P8P3',3,'condominium'),(88,'697 Orn Squares','Laval','QC','S3G3K8',5,'apartment'),(89,'134 Smitham Cove','Brossard','QC','E0W4U9',1,'condominium'),(90,'3278 Cormier Port','Cote St-Luc','QC','R7B7H6',5,'apartment'),(91,'405 Genevieve Fork','Westmount','QC','Y1Z6Z7',2,'condominium'),(92,'578 Boehm Roads','Laval','QC','G3P5Q8',4,'house'),(93,'648 Murray Fields','Laval','QC','M2D9A7',3,'semidetached house'),(94,'760 Hilton Route','Laval','QC','G8C9X2',2,'apartment'),(95,'6805 Stracke Turnpike','Laval','QC','V5U6Z7',4,'house'),(96,'5089 Kreiger Canyon','Brossard','QC','V4K2D8',3,'semidetached house'),(97,'602 Pat Stravenue','Brossard','QC','M6W0D7',1,'apartment'),(98,'4052 Olga Throughway','Westmount','QC','J5X7K4',4,'apartment'),(99,'804 Bayer Shoal','Westmount','QC','L9Z0L1',3,'semidetached house'),(100,'08914 Koch Springs','Brossard','QC','A1V9T7',2,'house'),(101,'291 Demetrius Union','Cote St-Luc','QC','J0R4F2',2,'house'),(102,'28153 Buster Spur','Westmount','QC','T8N4T2',1,'semidetached house'),(103,'6859 Kunze Spurs','Cote St-Luc','QC','J3A7R6',1,'house'),(104,'887 Sipes Rue','Montreal','QC','T1F2A7',5,'apartment'),(105,'990 Jayden Mall','Westmount','QC','H8B0N2',3,'condominium'),(106,'54851 Barton Brooks','Cote St-Luc','QC','X2K0T4',3,'condominium'),(107,'87415 Ratke Street','Montreal','QC','S5Y6T0',3,'house'),(108,'500 Camron Meadow','Cote St-Luc','QC','T9W0X7',1,'house'),(109,'24339 Veum Orchard','Cote St-Luc','QC','N7L9G0',5,'semidetached house'),(110,'07795 Hammes Orchard','Westmount','QC','J7O9K7',4,'apartment'),(111,'97113 Brown Meadows','Cote St-Luc','QC','J5K2Y8',4,'condominium'),(112,'85835 Christopher Viaduct','Cote St-Luc','QC','M1E6H2',5,'apartment'),(113,'26459 Goodwin Crossing','Laval','QC','L0L5Y4',3,'condominium'),(114,'5208 Marques Glen','Montreal','QC','P1Z5T4',4,'semidetached house'),(115,'302 Hermann Creek','Laval','QC','B3V4K2',3,'condominium'),(116,'13901 Ransom Ford','Laval','QC','Y3X7A3',5,'house'),(117,'25587 Caleb Row','Laval','QC','N1J1A1',2,'semidetached house'),(118,'1618 Jevon Harbors','Brossard','QC','X6C4E6',1,'apartment'),(119,'5061 Krajcik Shore','Westmount','QC','N8B9D2',4,'semidetached house'),(120,'208 Koch Lock','Laval','QC','H5R7N3',4,'house'),(121,'091 Waters Forks','Cote St-Luc','QC','H0Q7M3',1,'semidetached house'),(122,'49272 Gaylord Square','Cote St-Luc','QC','J0Y4R6',4,'house'),(123,'4293 Oma Squares','Brossard','QC','Y6N2W8',4,'house'),(124,'1630 Andreane Mews','Cote St-Luc','QC','C1S7E6',5,'house'),(125,'2767 Goodwin Light','Montreal','QC','H4S1R5',2,'semidetached house'),(126,'90277 Eusebio Club','Brossard','QC','L8S1W1',4,'apartment'),(127,'9089 Mante Via','Westmount','QC','G5F6J7',1,'condominium'),(128,'69690 Feil Cape','Cote St-Luc','QC','K1Z8E9',4,'condominium'),(129,'450 Nigel Gateway','Cote St-Luc','QC','N1G7I8',5,'apartment'),(130,'29799 Friesen Shoals','Montreal','QC','B9T6X6',1,'apartment'),(131,'19789 Nichole Overpass','Westmount','QC','Y8B2C1',4,'semidetached house'),(132,'350 Freddie Lodge','Brossard','QC','P8R3T9',3,'condominium'),(133,'12516 Ike Mountains','Cote St-Luc','QC','R2O2E3',5,'condominium'),(134,'08944 Muller Ports','Brossard','QC','J1V6Q4',1,'apartment'),(135,'811 Lesch Gardens','Cote St-Luc','QC','G5Q9U1',1,'semidetached house'),(136,'420 Forrest Union','Montreal','QC','E6G1F1',5,'condominium'),(137,'473 Brock Walks','Westmount','QC','K1D0W0',4,'condominium'),(138,'10067 Stehr Station','Westmount','QC','N7F5F4',4,'condominium'),(139,'79736 Runolfsdottir Loop','Brossard','QC','K6O1X7',4,'house'),(140,'58205 Misael Course','Westmount','QC','Y8T2Z4',4,'apartment'),(141,'5192 Hills Alley','Brossard','QC','H1Y0D8',3,'apartment'),(142,'9329 Thompson Mill','Westmount','QC','K6A4L4',1,'condominium'),(143,'033 Nader Gateway','Cote St-Luc','QC','X1R6T6',1,'apartment'),(144,'724 Darion Gateway','Montreal','QC','R6S1S3',3,'apartment'),(145,'69491 Kuhn Overpass','Montreal','QC','Y9G5K3',4,'condominium'),(146,'804 Nitzsche Flats','Montreal','QC','R0A3H2',4,'semidetached house'),(147,'17398 Dena Crossroad','Laval','QC','K2X2N3',2,'condominium'),(148,'036 Junior Parkway','Montreal','QC','E8J5Q0',5,'apartment'),(149,'17190 Ines Ramp','Laval','QC','J8E6Z3',1,'semidetached house'),(150,'43266 Cartwright Vista','Westmount','QC','M0R1U8',4,'semidetached house');
/*!40000 ALTER TABLE `Residences` ENABLE KEYS */;
UNLOCK TABLES;

--
-- Table structure for table `Resides`
--

DROP TABLE IF EXISTS `Resides`;
/*!40101 SET @saved_cs_client     = @@character_set_client */;
/*!50503 SET character_set_client = utf8mb4 */;
CREATE TABLE `Resides` (
  `PSSN` int NOT NULL,
  `ResID` int NOT NULL,
  `StartDate` date NOT NULL,
  `Primary` tinyint DEFAULT NULL,
  PRIMARY KEY (`PSSN`,`ResID`),
  UNIQUE KEY `only_one_primary_address` (`PSSN`,`Primary`),
  KEY `ResID` (`ResID`),
  CONSTRAINT `Resides_ibfk_1` FOREIGN KEY (`PSSN`) REFERENCES `Persons` (`SSN`),
  CONSTRAINT `Resides_ibfk_2` FOREIGN KEY (`ResID`) REFERENCES `Residences` (`ResID`)
) ENGINE=InnoDB DEFAULT CHARSET=utf8mb3 COLLATE=utf8mb3_unicode_ci;
/*!40101 SET character_set_client = @saved_cs_client */;

--
-- Dumping data for table `Resides`
--

LOCK TABLES `Resides` WRITE;
/*!40000 ALTER TABLE `Resides` DISABLE KEYS */;
INSERT INTO `Resides` VALUES (202078693,149,'2024-03-08',1),(202149819,118,'2024-03-08',1),(207716654,15,'2024-03-08',1),(208533304,9,'2024-03-08',1),(210325836,128,'2024-03-08',1),(210834917,72,'2024-03-08',1),(210967397,16,'2024-03-08',1),(211613017,128,'2024-03-08',1),(211856238,64,'2024-03-08',1),(211969713,123,'2024-03-08',1),(212445979,127,'2024-03-08',1),(213415757,64,'2024-03-08',1),(215036511,104,'2024-03-08',1),(215933091,115,'2024-03-08',1),(217546564,119,'2024-03-08',1),(218029537,123,'2024-03-08',1),(219272004,72,'2024-03-08',1),(222545693,138,'2024-03-08',1),(222893560,85,'2024-03-08',1),(222937868,54,'2024-03-08',1),(225897036,146,'2024-03-08',1),(225999716,31,'2024-03-08',1),(226194735,83,'2024-03-08',1),(226221732,141,'2024-03-08',1),(226563893,97,'2024-03-08',1),(228543186,49,'2024-03-08',1),(228615155,118,'2024-03-08',1),(228733762,145,'2024-03-08',1),(230730786,133,'2024-03-08',1),(231501770,121,'2024-03-08',1),(235216613,74,'2024-03-08',1),(235222236,108,'2024-03-08',1),(235242870,64,'2024-03-08',1),(235441252,56,'2024-03-08',1),(236569667,117,'2024-03-08',1),(239190268,48,'2024-03-08',1),(239241620,72,'2024-03-08',1),(240670332,112,'2024-03-08',1),(241659878,59,'2024-03-08',1),(245031258,105,'2024-03-08',1),(245897353,146,'2024-03-08',1),(246500097,36,'2024-03-08',1),(247154731,76,'2024-03-08',1),(248144235,62,'2024-03-08',1),(248198575,116,'2024-03-08',1),(248861715,97,'2024-03-08',1),(248917772,65,'2024-03-08',1),(250344156,91,'2024-03-08',1),(251227589,128,'2024-03-08',1),(252261047,108,'2024-03-08',1),(252587102,125,'2024-03-08',1),(254428331,20,'2024-03-08',1),(254564895,90,'2024-03-08',1),(257632003,75,'2024-03-08',1),(259271285,82,'2024-03-08',1),(262574267,38,'2024-03-08',1),(263785884,45,'2024-03-08',1),(266426599,42,'2024-03-08',1),(266585713,50,'2024-03-08',1),(266690394,94,'2024-03-08',1),(267107489,98,'2024-03-08',1),(267108217,92,'2024-03-08',1),(269441580,141,'2024-03-08',1),(269892250,73,'2024-03-08',1),(270879179,53,'2024-03-08',1),(272476590,80,'2024-03-08',1),(276303376,55,'2024-03-08',1),(277406467,67,'2024-03-08',1),(279682450,64,'2024-03-08',1),(279966198,63,'2024-03-08',1),(281415463,144,'2024-03-08',1),(282195004,44,'2024-03-08',1),(283476908,108,'2024-03-08',1),(289559623,60,'2024-03-08',1),(289954956,51,'2024-03-08',1),(290450619,98,'2024-03-08',1),(291950429,47,'2024-03-08',1),(292103448,52,'2024-03-08',1),(293354554,24,'2024-03-08',1),(294209324,121,'2024-03-08',1),(294744928,107,'2024-03-08',1),(295498336,63,'2024-03-08',1),(298097829,2,'2024-03-08',1),(298595780,129,'2024-03-08',1),(299584675,67,'2024-03-08',1),(300420213,119,'2024-03-08',1),(300618776,103,'2024-03-08',1),(305122660,20,'2024-03-08',1),(306635426,22,'2024-03-08',1),(308179505,109,'2024-03-08',1),(308616311,78,'2024-03-08',1),(309152131,148,'2024-03-08',1),(309623499,10,'2024-03-08',1),(311590395,35,'2024-03-08',1),(312413745,122,'2024-03-08',1),(312581706,90,'2024-03-08',1),(313131211,117,'2024-03-08',1),(315053343,126,'2024-03-08',1),(316697342,113,'2024-03-08',1),(316731679,24,'2024-03-08',1),(317575975,38,'2024-03-08',1),(318877091,93,'2024-03-08',1),(319139548,14,'2024-03-08',1),(319181885,68,'2024-03-08',1),(320092907,114,'2024-03-08',1),(320547506,88,'2024-03-08',1),(321387930,99,'2024-03-08',1),(321585201,86,'2024-03-08',1),(321872488,143,'2024-03-08',1),(323070158,62,'2024-03-08',1),(323324735,99,'2024-03-08',1),(323377813,44,'2024-03-08',1),(324533253,68,'2024-03-08',1),(324661440,116,'2024-03-08',1),(324772103,1,'2024-03-08',NULL),(324772103,8,'2024-03-08',1),(324776587,42,'2024-03-08',1),(325071345,120,'2024-03-08',1),(325506412,130,'2024-03-08',1),(326547653,16,'2024-03-08',1),(327369089,49,'2024-03-08',1),(328092673,44,'2024-03-08',1),(331354317,17,'2024-03-08',1),(332553653,28,'2024-03-08',1),(332916886,86,'2024-03-08',1),(333482117,13,'2024-03-08',1),(333830706,25,'2024-03-08',1),(335122447,123,'2024-03-08',1),(336768472,118,'2024-03-08',1),(337344367,125,'2024-03-08',1),(337546300,147,'2024-03-08',1),(338003334,13,'2024-03-08',1),(338894763,61,'2024-03-08',1),(339061622,114,'2024-03-08',1),(339742328,7,'2024-03-08',1),(341763143,142,'2024-03-08',1),(341942457,132,'2024-03-08',1),(342519984,26,'2024-03-08',1),(344468602,58,'2024-03-08',1),(344627739,130,'2024-03-08',1),(344764738,98,'2024-03-08',1),(345514976,1,'2024-03-08',NULL),(345514976,8,'2024-03-08',1),(346004716,13,'2024-03-08',1),(346608964,12,'2024-03-08',1),(349279434,39,'2024-03-08',1),(349328589,62,'2024-03-08',1),(350013510,89,'2024-03-08',1),(351065870,49,'2024-03-08',1),(353820859,5,'2024-03-08',1),(357996661,22,'2024-03-08',1),(360838978,67,'2024-03-08',1),(363306139,106,'2024-03-08',1),(363532985,127,'2024-03-08',1),(369468976,5,'2024-03-08',1),(370643888,106,'2024-03-08',1),(371310653,104,'2024-03-08',1),(372567337,53,'2024-03-08',1),(375011701,3,'2024-03-08',1),(375519693,49,'2024-03-08',1),(375782375,130,'2024-03-08',1),(378187003,100,'2024-03-08',1),(378191056,103,'2024-03-08',1),(380792065,86,'2024-03-08',1),(382874297,140,'2024-03-08',1),(384829447,7,'2024-03-08',1),(386884571,51,'2024-03-08',1),(389130256,90,'2024-03-08',1),(389277125,110,'2024-03-08',1),(390832764,3,'2024-03-08',1),(391351162,57,'2024-03-08',1),(391772437,74,'2024-03-08',1),(392197048,89,'2024-03-08',1),(394669259,72,'2024-03-08',1),(394883744,27,'2024-03-08',1),(395854765,109,'2024-03-08',1),(397367092,93,'2024-03-08',1),(398621288,132,'2024-03-08',1),(399709777,6,'2024-03-08',1),(400604207,116,'2024-03-08',1),(400742807,10,'2024-03-08',1),(401746050,57,'2024-03-08',1),(403837075,92,'2024-03-08',1),(404347371,27,'2024-03-08',1),(405061338,70,'2024-03-08',1),(405288955,96,'2024-03-08',1),(409301798,31,'2024-03-08',1),(409947114,66,'2024-03-08',1),(411606930,11,'2024-03-08',1),(411841376,104,'2024-03-08',1),(412546185,147,'2024-03-08',1),(412570099,17,'2024-03-08',1),(415374513,70,'2024-03-08',1),(417165843,104,'2024-03-08',1),(418582342,93,'2024-03-08',1),(422445803,72,'2024-03-08',1),(425825550,71,'2024-03-08',1),(426006420,80,'2024-03-08',1),(428224694,134,'2024-03-08',1),(428755632,75,'2024-03-08',1),(430367583,112,'2024-03-08',1),(430439016,70,'2024-03-08',1),(431182005,18,'2024-03-08',1),(434484757,73,'2024-03-08',1),(435516693,38,'2024-03-08',1),(436899010,143,'2024-03-08',1),(441224104,135,'2024-03-08',1),(443090111,75,'2024-03-08',1),(443411171,92,'2024-03-08',1),(444668001,130,'2024-03-08',1),(446317448,88,'2024-03-08',1),(446565128,1,'2024-03-08',NULL),(446565128,8,'2024-03-08',1),(446794508,108,'2024-03-08',1),(450635885,51,'2024-03-08',1),(452277527,55,'2024-03-08',1),(453534111,133,'2024-03-08',1),(453682570,121,'2024-03-08',1),(455247264,144,'2024-03-08',1),(457766347,50,'2024-03-08',1),(458468122,45,'2024-03-08',1),(458939432,3,'2024-03-08',1),(458992810,36,'2024-03-08',1),(459713296,82,'2024-03-08',1),(464225799,45,'2024-03-08',1),(464238350,22,'2024-03-08',1),(464386476,61,'2024-03-08',1),(467095881,135,'2024-03-08',1),(468099609,73,'2024-03-08',1),(468530574,133,'2024-03-08',1),(473474495,27,'2024-03-08',1),(475441317,28,'2024-03-08',1),(475828052,89,'2024-03-08',1),(477150190,59,'2024-03-08',1),(477483382,63,'2024-03-08',1),(477846323,150,'2024-03-08',1),(478841733,37,'2024-03-08',1),(478842372,2,'2024-03-08',1),(480505729,105,'2024-03-08',1),(480771079,43,'2024-03-08',1),(482360086,60,'2024-03-08',1),(483855612,106,'2024-03-08',1),(485027358,113,'2024-03-08',1),(488005420,134,'2024-03-08',1),(488303403,11,'2024-03-08',1),(488681249,50,'2024-03-08',1),(489222326,96,'2024-03-08',1),(490640738,79,'2024-03-08',1),(492022006,124,'2024-03-08',1),(492884766,66,'2024-03-08',1),(493066344,26,'2024-03-08',1),(494844245,3,'2024-03-08',1),(496511672,58,'2024-03-08',1),(496926997,120,'2024-03-08',1),(497916095,79,'2024-03-08',1),(498965850,80,'2024-03-08',1),(499698344,39,'2024-03-08',1),(500467733,149,'2024-03-08',1),(500863484,97,'2024-03-08',1),(501333003,115,'2024-03-08',1),(502194007,18,'2024-03-08',1),(502195232,115,'2024-03-08',1),(504534514,98,'2024-03-08',1),(508781548,58,'2024-03-08',1),(509339934,78,'2024-03-08',1),(510289094,130,'2024-03-08',1),(512274629,117,'2024-03-08',1),(513198868,21,'2024-03-08',1),(513798891,41,'2024-03-08',1),(513823700,134,'2024-03-08',1),(514287936,85,'2024-03-08',1),(514832132,141,'2024-03-08',1),(515226408,48,'2024-03-08',1),(515335448,14,'2024-03-08',1),(517692168,54,'2024-03-08',1),(518870867,13,'2024-03-08',1),(519708605,60,'2024-03-08',1),(522415042,98,'2024-03-08',1),(523439432,65,'2024-03-08',1),(523759400,43,'2024-03-08',1),(524527142,112,'2024-03-08',1),(528690092,143,'2024-03-08',1),(528809459,136,'2024-03-08',1),(530788703,9,'2024-03-08',1),(531293380,32,'2024-03-08',1),(532771903,6,'2024-03-08',1),(533461507,142,'2024-03-08',1),(534399042,97,'2024-03-08',1),(535780597,124,'2024-03-08',1),(536544932,55,'2024-03-08',1),(536768187,127,'2024-03-08',1),(537479482,96,'2024-03-08',1),(537738739,74,'2024-03-08',1),(539128799,45,'2024-03-08',1),(539226792,143,'2024-03-08',1),(539627600,59,'2024-03-08',1),(541982612,141,'2024-03-08',1),(542438345,121,'2024-03-08',1),(542853585,47,'2024-03-08',1),(544909353,112,'2024-03-08',1),(545954598,142,'2024-03-08',1),(546406204,107,'2024-03-08',1),(547378444,52,'2024-03-08',1),(547611883,7,'2024-03-08',1),(548620647,99,'2024-03-08',1),(550042129,7,'2024-03-08',1),(551431150,118,'2024-03-08',1),(552789713,56,'2024-03-08',1),(553721030,93,'2024-03-08',1),(554418691,11,'2024-03-08',1),(557320509,15,'2024-03-08',1),(561640437,99,'2024-03-08',1),(561881831,50,'2024-03-08',1),(562144165,149,'2024-03-08',1),(563180870,137,'2024-03-08',1),(565105547,18,'2024-03-08',1),(568495925,79,'2024-03-08',1),(570886481,42,'2024-03-08',1),(571419508,51,'2024-03-08',1),(572045561,60,'2024-03-08',1),(573272324,126,'2024-03-08',1),(576072281,21,'2024-03-08',1),(576248710,145,'2024-03-08',1),(577651506,135,'2024-03-08',1),(578627435,88,'2024-03-08',1),(578988580,137,'2024-03-08',1),(579095721,150,'2024-03-08',1),(580373356,18,'2024-03-08',1),(581052613,86,'2024-03-08',1),(582019559,146,'2024-03-08',1),(582854174,65,'2024-03-08',1),(584220755,44,'2024-03-08',1),(585740150,1,'2024-03-08',NULL),(585740150,8,'2024-03-08',1),(586572991,47,'2024-03-08',1),(586975485,46,'2024-03-08',1),(589502699,147,'2024-03-08',1),(591198355,63,'2024-03-08',1),(593878508,145,'2024-03-08',1),(594474210,122,'2024-03-08',1),(595646164,109,'2024-03-08',1),(596387382,20,'2024-03-08',1),(598463622,28,'2024-03-08',1),(598498435,132,'2024-03-08',1),(598742001,13,'2024-03-08',1),(599360166,137,'2024-03-08',1),(599619733,76,'2024-03-08',1),(600005637,135,'2024-03-08',1),(600025795,59,'2024-03-08',1),(601913605,74,'2024-03-08',1),(603636799,148,'2024-03-08',1),(604379317,43,'2024-03-08',1),(605589929,64,'2024-03-08',1),(606439913,149,'2024-03-08',1),(606449712,62,'2024-03-08',1),(608924933,3,'2024-03-08',1),(609609027,25,'2024-03-08',1),(609954743,56,'2024-03-08',1),(610235198,24,'2024-03-08',1),(613920159,138,'2024-03-08',1),(617774932,119,'2024-03-08',1),(617993594,90,'2024-03-08',1),(620669108,145,'2024-03-08',1),(621306799,48,'2024-03-08',1),(621804641,78,'2024-03-08',1),(625036841,24,'2024-03-08',1),(626155483,125,'2024-03-08',1),(626747788,22,'2024-03-08',1),(628438766,10,'2024-03-08',1),(628526512,45,'2024-03-08',1),(628746021,142,'2024-03-08',1),(629391055,129,'2024-03-08',1),(629394313,17,'2024-03-08',1),(636637846,41,'2024-03-08',1),(639093476,97,'2024-03-08',1),(640560246,85,'2024-03-08',1),(640601714,148,'2024-03-08',1),(640902787,12,'2024-03-08',1),(641184895,53,'2024-03-08',1),(641357090,100,'2024-03-08',1),(642584138,1,'2024-03-08',NULL),(642584138,8,'2024-03-08',1),(646445058,67,'2024-03-08',1),(651357987,32,'2024-03-08',1),(654616209,107,'2024-03-08',1),(655368305,96,'2024-03-08',1),(656003841,79,'2024-03-08',1),(656059344,96,'2024-03-08',1),(657411583,140,'2024-03-08',1),(657966137,128,'2024-03-08',1),(659152394,61,'2024-03-08',1),(659691609,38,'2024-03-08',1),(659958776,145,'2024-03-08',1),(660649090,15,'2024-03-08',1),(661542420,129,'2024-03-08',1),(661554617,26,'2024-03-08',1),(663615868,113,'2024-03-08',1),(665380015,57,'2024-03-08',1),(665560857,80,'2024-03-08',1),(665593063,46,'2024-03-08',1),(667030244,75,'2024-03-08',1),(669171312,107,'2024-03-08',1),(670562477,32,'2024-03-08',1),(670714573,37,'2024-03-08',1),(671877084,107,'2024-03-08',1),(672277101,115,'2024-03-08',1),(675257681,110,'2024-03-08',1),(679395707,70,'2024-03-08',1),(681611553,9,'2024-03-08',1),(682619751,28,'2024-03-08',1),(682690302,18,'2024-03-08',1),(682730390,35,'2024-03-08',1),(684281834,94,'2024-03-08',1),(684996154,71,'2024-03-08',1),(686298044,108,'2024-03-08',1),(686818457,82,'2024-03-08',1),(686939458,91,'2024-03-08',1),(689179184,117,'2024-03-08',1),(690652345,144,'2024-03-08',1),(690890159,126,'2024-03-08',1),(692706101,55,'2024-03-08',1),(693225700,83,'2024-03-08',1),(693441174,42,'2024-03-08',1),(693488915,11,'2024-03-08',1),(694466010,78,'2024-03-08',1),(695381047,136,'2024-03-08',1),(695510874,109,'2024-03-08',1),(696511034,143,'2024-03-08',1),(696902489,44,'2024-03-08',1),(698465573,147,'2024-03-08',1),(698627904,21,'2024-03-08',1),(699371977,7,'2024-03-08',1);
/*!40000 ALTER TABLE `Resides` ENABLE KEYS */;
UNLOCK TABLES;

--
-- Table structure for table `ResidesWith`
--

DROP TABLE IF EXISTS `ResidesWith`;
/*!40101 SET @saved_cs_client     = @@character_set_client */;
/*!50503 SET character_set_client = utf8mb4 */;
CREATE TABLE `ResidesWith` (
  `ESSN` int NOT NULL,
  `PSSN` int NOT NULL,
  `Relationship` enum('roommate','partner','parent','dependent') COLLATE utf8mb3_unicode_ci NOT NULL,
  PRIMARY KEY (`ESSN`,`PSSN`),
  KEY `resideswith_ibfk_2` (`PSSN`),
  CONSTRAINT `resideswith_ibfk_1` FOREIGN KEY (`ESSN`) REFERENCES `Employees` (`SSN`),
  CONSTRAINT `resideswith_ibfk_2` FOREIGN KEY (`PSSN`) REFERENCES `Persons` (`SSN`),
  CONSTRAINT `differentPeople` CHECK ((`ESSN` <> `PSSN`))
) ENGINE=InnoDB DEFAULT CHARSET=utf8mb3 COLLATE=utf8mb3_unicode_ci;
/*!40101 SET character_set_client = @saved_cs_client */;

--
-- Dumping data for table `ResidesWith`
--

LOCK TABLES `ResidesWith` WRITE;
/*!40000 ALTER TABLE `ResidesWith` DISABLE KEYS */;
INSERT INTO `ResidesWith` VALUES (207716654,557320509,'roommate'),(207716654,660649090,'roommate'),(210325836,211613017,'parent'),(210325836,251227589,'partner'),(210325836,657966137,'dependent'),(210834917,219272004,'roommate'),(210834917,239241620,'partner'),(210834917,394669259,'roommate'),(210834917,422445803,'partner'),(210967397,326547653,'partner'),(211969713,218029537,'dependent'),(211969713,335122447,'roommate'),(213415757,211856238,'roommate'),(213415757,235242870,'roommate'),(213415757,279682450,'roommate'),(213415757,605589929,'roommate'),(217546564,300420213,'roommate'),(217546564,617774932,'roommate'),(219272004,210834917,'roommate'),(219272004,239241620,'roommate'),(219272004,394669259,'dependent'),(219272004,422445803,'parent'),(222545693,613920159,'partner'),(222937868,517692168,'partner'),(225897036,245897353,'partner'),(225897036,582019559,'roommate'),(225999716,409301798,'roommate'),(228615155,202149819,'dependent'),(228615155,336768472,'partner'),(228615155,551431150,'roommate'),(228733762,576248710,'roommate'),(228733762,593878508,'parent'),(228733762,620669108,'roommate'),(228733762,659958776,'roommate'),(231501770,294209324,'roommate'),(231501770,453682570,'roommate'),(231501770,542438345,'parent'),(235216613,391772437,'roommate'),(235216613,537738739,'roommate'),(235216613,601913605,'parent'),(235222236,252261047,'roommate'),(235222236,283476908,'roommate'),(235222236,446794508,'roommate'),(235222236,686298044,'roommate'),(235242870,211856238,'roommate'),(235242870,213415757,'roommate'),(235242870,279682450,'partner'),(235242870,605589929,'partner'),(235441252,552789713,'roommate'),(235441252,609954743,'roommate'),(239190268,515226408,'parent'),(239190268,621306799,'roommate'),(239241620,210834917,'partner'),(239241620,219272004,'roommate'),(239241620,394669259,'roommate'),(239241620,422445803,'roommate'),(241659878,477150190,'dependent'),(241659878,539627600,'roommate'),(241659878,600025795,'partner'),(245031258,480505729,'partner'),(246500097,458992810,'partner'),(247154731,599619733,'parent'),(248144235,323070158,'roommate'),(248144235,349328589,'partner'),(248144235,606449712,'roommate'),(248198575,324661440,'partner'),(248198575,400604207,'roommate'),(248917772,523439432,'roommate'),(248917772,582854174,'partner'),(250344156,686939458,'parent'),(251227589,210325836,'partner'),(251227589,211613017,'parent'),(251227589,657966137,'parent'),(252261047,235222236,'roommate'),(252261047,283476908,'roommate'),(252261047,446794508,'partner'),(252261047,686298044,'dependent'),(254428331,305122660,'roommate'),(254428331,596387382,'partner'),(254564895,312581706,'parent'),(254564895,389130256,'roommate'),(254564895,617993594,'roommate'),(257632003,428755632,'roommate'),(257632003,443090111,'roommate'),(257632003,667030244,'roommate'),(259271285,459713296,'roommate'),(259271285,686818457,'partner'),(263785884,458468122,'roommate'),(263785884,464225799,'roommate'),(263785884,539128799,'dependent'),(263785884,628526512,'roommate'),(266585713,457766347,'roommate'),(266585713,488681249,'roommate'),(266585713,561881831,'partner'),(266690394,684281834,'partner'),(269441580,226221732,'dependent'),(269441580,514832132,'roommate'),(269441580,541982612,'roommate'),(269892250,434484757,'roommate'),(269892250,468099609,'roommate'),(270879179,372567337,'dependent'),(270879179,641184895,'dependent'),(272476590,426006420,'roommate'),(272476590,498965850,'parent'),(272476590,665560857,'roommate'),(276303376,452277527,'partner'),(276303376,536544932,'roommate'),(276303376,692706101,'parent'),(277406467,299584675,'dependent'),(277406467,360838978,'partner'),(277406467,646445058,'roommate'),(279682450,211856238,'roommate'),(279682450,213415757,'roommate'),(279682450,235242870,'partner'),(279682450,605589929,'dependent'),(279966198,295498336,'roommate'),(279966198,477483382,'parent'),(279966198,591198355,'roommate'),(282195004,323377813,'roommate'),(282195004,328092673,'roommate'),(282195004,584220755,'roommate'),(282195004,696902489,'parent'),(289559623,482360086,'partner'),(289559623,519708605,'roommate'),(289559623,572045561,'roommate'),(290450619,267107489,'dependent'),(290450619,344764738,'parent'),(290450619,504534514,'roommate'),(290450619,522415042,'roommate'),(291950429,542853585,'roommate'),(291950429,586572991,'partner'),(292103448,547378444,'roommate'),(293354554,316731679,'parent'),(293354554,610235198,'roommate'),(293354554,625036841,'partner'),(294209324,231501770,'roommate'),(294209324,453682570,'parent'),(294209324,542438345,'partner'),(295498336,279966198,'roommate'),(295498336,477483382,'roommate'),(295498336,591198355,'roommate'),(298097829,478842372,'roommate'),(298595780,629391055,'roommate'),(298595780,661542420,'roommate'),(300420213,217546564,'roommate'),(300420213,617774932,'partner'),(305122660,254428331,'roommate'),(305122660,596387382,'roommate'),(306635426,357996661,'roommate'),(306635426,464238350,'roommate'),(306635426,626747788,'roommate'),(308179505,395854765,'parent'),(308179505,595646164,'partner'),(308179505,695510874,'roommate'),(309623499,400742807,'roommate'),(309623499,628438766,'roommate'),(313131211,236569667,'parent'),(313131211,512274629,'roommate'),(313131211,689179184,'roommate'),(315053343,573272324,'roommate'),(315053343,690890159,'dependent'),(316697342,485027358,'roommate'),(316697342,663615868,'roommate'),(317575975,262574267,'dependent'),(317575975,435516693,'parent'),(317575975,659691609,'roommate'),(320092907,339061622,'partner'),(320547506,446317448,'partner'),(320547506,578627435,'roommate'),(321872488,436899010,'roommate'),(321872488,528690092,'roommate'),(321872488,539226792,'roommate'),(321872488,696511034,'roommate'),(323070158,248144235,'roommate'),(323070158,349328589,'parent'),(323070158,606449712,'parent'),(323324735,321387930,'roommate'),(323324735,548620647,'roommate'),(323324735,561640437,'roommate'),(324533253,319181885,'parent'),(324661440,248198575,'partner'),(324661440,400604207,'roommate'),(325071345,496926997,'partner'),(326547653,210967397,'partner'),(327369089,228543186,'partner'),(327369089,351065870,'roommate'),(327369089,375519693,'roommate'),(328092673,282195004,'roommate'),(328092673,323377813,'parent'),(328092673,584220755,'partner'),(328092673,696902489,'roommate'),(332553653,475441317,'roommate'),(332553653,598463622,'roommate'),(332553653,682619751,'partner'),(333482117,338003334,'roommate'),(333482117,346004716,'roommate'),(333482117,518870867,'partner'),(333482117,598742001,'parent'),(333830706,609609027,'partner'),(336768472,202149819,'roommate'),(336768472,228615155,'partner'),(336768472,551431150,'roommate'),(338894763,464386476,'partner'),(338894763,659152394,'roommate'),(339061622,320092907,'partner'),(339742328,384829447,'partner'),(339742328,547611883,'dependent'),(339742328,550042129,'parent'),(339742328,699371977,'roommate'),(341942457,398621288,'roommate'),(341942457,598498435,'roommate'),(342519984,493066344,'roommate'),(342519984,661554617,'partner'),(344468602,496511672,'dependent'),(344468602,508781548,'roommate'),(344627739,325506412,'dependent'),(344627739,375782375,'partner'),(344627739,444668001,'roommate'),(344627739,510289094,'dependent'),(345514976,324772103,'parent'),(345514976,446565128,'roommate'),(345514976,585740150,'parent'),(345514976,642584138,'roommate'),(346004716,333482117,'roommate'),(346004716,338003334,'parent'),(346004716,518870867,'roommate'),(346004716,598742001,'dependent'),(346608964,640902787,'roommate'),(350013510,392197048,'roommate'),(350013510,475828052,'dependent'),(351065870,228543186,'roommate'),(351065870,327369089,'roommate'),(351065870,375519693,'roommate'),(353820859,369468976,'partner'),(357996661,306635426,'roommate'),(357996661,464238350,'roommate'),(357996661,626747788,'dependent'),(360838978,277406467,'partner'),(360838978,299584675,'parent'),(360838978,646445058,'roommate'),(363532985,212445979,'roommate'),(363532985,536768187,'partner'),(369468976,353820859,'partner'),(370643888,363306139,'parent'),(370643888,483855612,'parent'),(371310653,215036511,'parent'),(371310653,411841376,'roommate'),(371310653,417165843,'roommate'),(375011701,390832764,'roommate'),(375011701,458939432,'roommate'),(375011701,494844245,'partner'),(375011701,608924933,'roommate'),(375519693,228543186,'parent'),(375519693,327369089,'roommate'),(375519693,351065870,'roommate'),(375782375,325506412,'roommate'),(375782375,344627739,'partner'),(375782375,444668001,'roommate'),(375782375,510289094,'parent'),(378191056,300618776,'dependent'),(380792065,321585201,'roommate'),(380792065,332916886,'parent'),(380792065,581052613,'partner'),(384829447,339742328,'partner'),(384829447,547611883,'roommate'),(384829447,550042129,'dependent'),(384829447,699371977,'roommate'),(386884571,289954956,'parent'),(386884571,450635885,'roommate'),(386884571,571419508,'roommate'),(389130256,254564895,'roommate'),(389130256,312581706,'partner'),(389130256,617993594,'partner'),(389277125,675257681,'roommate'),(390832764,375011701,'roommate'),(390832764,458939432,'parent'),(390832764,494844245,'roommate'),(390832764,608924933,'roommate'),(391351162,401746050,'roommate'),(391351162,665380015,'roommate'),(391772437,235216613,'roommate'),(391772437,537738739,'roommate'),(391772437,601913605,'parent'),(392197048,350013510,'roommate'),(392197048,475828052,'dependent'),(394883744,404347371,'roommate'),(394883744,473474495,'roommate'),(397367092,318877091,'dependent'),(397367092,418582342,'roommate'),(397367092,553721030,'partner'),(398621288,341942457,'roommate'),(398621288,598498435,'roommate'),(400604207,248198575,'roommate'),(400604207,324661440,'roommate'),(400742807,309623499,'roommate'),(400742807,628438766,'roommate'),(401746050,391351162,'roommate'),(401746050,665380015,'roommate'),(403837075,267108217,'roommate'),(403837075,443411171,'partner'),(404347371,394883744,'roommate'),(404347371,473474495,'roommate'),(405288955,489222326,'roommate'),(405288955,537479482,'parent'),(405288955,655368305,'roommate'),(405288955,656059344,'dependent'),(409301798,225999716,'roommate'),(411606930,488303403,'roommate'),(411606930,554418691,'partner'),(411606930,693488915,'partner'),(411841376,215036511,'roommate'),(411841376,371310653,'roommate'),(411841376,417165843,'roommate'),(412546185,337546300,'roommate'),(412546185,589502699,'parent'),(412546185,698465573,'roommate'),(412570099,331354317,'roommate'),(412570099,629394313,'partner'),(417165843,215036511,'parent'),(417165843,371310653,'roommate'),(417165843,411841376,'roommate'),(425825550,684996154,'roommate'),(426006420,272476590,'roommate'),(426006420,498965850,'dependent'),(426006420,665560857,'roommate'),(428224694,488005420,'dependent'),(428224694,513823700,'partner'),(428755632,257632003,'roommate'),(428755632,443090111,'partner'),(428755632,667030244,'roommate'),(430367583,240670332,'roommate'),(430367583,524527142,'dependent'),(430367583,544909353,'roommate'),(430439016,405061338,'roommate'),(430439016,415374513,'roommate'),(430439016,679395707,'roommate'),(431182005,502194007,'roommate'),(431182005,565105547,'roommate'),(431182005,580373356,'roommate'),(431182005,682690302,'roommate'),(434484757,269892250,'roommate'),(434484757,468099609,'roommate'),(441224104,467095881,'partner'),(441224104,577651506,'roommate'),(441224104,600005637,'dependent'),(443090111,257632003,'roommate'),(443090111,428755632,'partner'),(443090111,667030244,'dependent'),(443411171,267108217,'roommate'),(443411171,403837075,'partner'),(444668001,325506412,'partner'),(444668001,344627739,'roommate'),(444668001,375782375,'roommate'),(444668001,510289094,'dependent'),(446317448,320547506,'partner'),(446317448,578627435,'dependent'),(446565128,324772103,'partner'),(446565128,345514976,'roommate'),(446565128,585740150,'roommate'),(446565128,642584138,'roommate'),(446794508,235222236,'roommate'),(446794508,252261047,'partner'),(446794508,283476908,'partner'),(446794508,686298044,'roommate'),(450635885,289954956,'roommate'),(450635885,386884571,'roommate'),(450635885,571419508,'roommate'),(452277527,276303376,'partner'),(452277527,536544932,'parent'),(452277527,692706101,'dependent'),(453534111,230730786,'dependent'),(453534111,468530574,'partner'),(455247264,281415463,'parent'),(455247264,690652345,'dependent'),(457766347,266585713,'roommate'),(457766347,488681249,'roommate'),(457766347,561881831,'roommate'),(464225799,263785884,'roommate'),(464225799,458468122,'dependent'),(464225799,539128799,'dependent'),(464225799,628526512,'roommate'),(464238350,306635426,'roommate'),(464238350,357996661,'roommate'),(464238350,626747788,'dependent'),(464386476,338894763,'partner'),(464386476,659152394,'dependent'),(467095881,441224104,'partner'),(467095881,577651506,'parent'),(467095881,600005637,'dependent'),(468099609,269892250,'roommate'),(468099609,434484757,'roommate'),(468530574,230730786,'roommate'),(468530574,453534111,'partner'),(473474495,394883744,'roommate'),(473474495,404347371,'roommate'),(477846323,579095721,'parent'),(478841733,670714573,'parent'),(478842372,298097829,'roommate'),(480505729,245031258,'partner'),(485027358,316697342,'roommate'),(485027358,663615868,'roommate'),(488303403,411606930,'roommate'),(488303403,554418691,'roommate'),(488303403,693488915,'roommate'),(488681249,266585713,'roommate'),(488681249,457766347,'roommate'),(488681249,561881831,'dependent'),(489222326,405288955,'roommate'),(489222326,537479482,'roommate'),(489222326,655368305,'partner'),(489222326,656059344,'partner'),(492022006,535780597,'parent'),(492884766,409947114,'dependent'),(493066344,342519984,'roommate'),(493066344,661554617,'roommate'),(494844245,375011701,'partner'),(494844245,390832764,'roommate'),(494844245,458939432,'parent'),(494844245,608924933,'partner'),(496926997,325071345,'partner'),(499698344,349279434,'partner'),(500467733,202078693,'parent'),(500467733,562144165,'roommate'),(500467733,606439913,'roommate'),(500863484,226563893,'dependent'),(500863484,248861715,'parent'),(500863484,534399042,'roommate'),(500863484,639093476,'roommate'),(502194007,431182005,'roommate'),(502194007,565105547,'partner'),(502194007,580373356,'dependent'),(502194007,682690302,'partner'),(502195232,215933091,'parent'),(502195232,501333003,'parent'),(502195232,672277101,'partner'),(504534514,267107489,'parent'),(504534514,290450619,'roommate'),(504534514,344764738,'dependent'),(504534514,522415042,'roommate'),(508781548,344468602,'roommate'),(508781548,496511672,'partner'),(509339934,308616311,'partner'),(509339934,621804641,'dependent'),(509339934,694466010,'roommate'),(512274629,236569667,'dependent'),(512274629,313131211,'roommate'),(512274629,689179184,'roommate'),(513198868,576072281,'parent'),(513198868,698627904,'partner'),(513798891,636637846,'roommate'),(514287936,222893560,'parent'),(514287936,640560246,'partner'),(514832132,226221732,'partner'),(514832132,269441580,'roommate'),(514832132,541982612,'partner'),(515335448,319139548,'roommate'),(517692168,222937868,'partner'),(518870867,333482117,'partner'),(518870867,338003334,'parent'),(518870867,346004716,'roommate'),(518870867,598742001,'parent'),(519708605,289559623,'roommate'),(519708605,482360086,'dependent'),(519708605,572045561,'roommate'),(522415042,267107489,'roommate'),(522415042,290450619,'roommate'),(522415042,344764738,'dependent'),(522415042,504534514,'roommate'),(523439432,248917772,'roommate'),(523439432,582854174,'roommate'),(523759400,480771079,'partner'),(523759400,604379317,'roommate'),(528809459,695381047,'partner'),(530788703,208533304,'roommate'),(530788703,681611553,'roommate'),(531293380,651357987,'roommate'),(531293380,670562477,'partner'),(532771903,399709777,'roommate'),(533461507,341763143,'parent'),(533461507,545954598,'roommate'),(533461507,628746021,'partner'),(534399042,226563893,'parent'),(534399042,248861715,'dependent'),(534399042,500863484,'roommate'),(534399042,639093476,'partner'),(536768187,212445979,'parent'),(536768187,363532985,'partner'),(537738739,235216613,'roommate'),(537738739,391772437,'roommate'),(537738739,601913605,'dependent'),(539226792,321872488,'roommate'),(539226792,436899010,'dependent'),(539226792,528690092,'dependent'),(539226792,696511034,'roommate'),(539627600,241659878,'roommate'),(539627600,477150190,'dependent'),(539627600,600025795,'parent'),(541982612,226221732,'roommate'),(541982612,269441580,'roommate'),(541982612,514832132,'partner'),(542853585,291950429,'roommate'),(542853585,586572991,'roommate'),(544909353,240670332,'parent'),(544909353,430367583,'roommate'),(544909353,524527142,'dependent'),(545954598,341763143,'parent'),(545954598,533461507,'roommate'),(545954598,628746021,'roommate'),(546406204,294744928,'roommate'),(546406204,654616209,'parent'),(546406204,669171312,'roommate'),(546406204,671877084,'roommate'),(548620647,321387930,'dependent'),(548620647,323324735,'roommate'),(548620647,561640437,'partner'),(551431150,202149819,'partner'),(551431150,228615155,'roommate'),(551431150,336768472,'roommate'),(552789713,235441252,'roommate'),(552789713,609954743,'partner'),(553721030,318877091,'parent'),(553721030,397367092,'partner'),(553721030,418582342,'dependent'),(554418691,411606930,'partner'),(554418691,488303403,'roommate'),(554418691,693488915,'dependent'),(557320509,207716654,'roommate'),(557320509,660649090,'roommate'),(561640437,321387930,'dependent'),(561640437,323324735,'roommate'),(561640437,548620647,'partner'),(562144165,202078693,'dependent'),(562144165,500467733,'roommate'),(562144165,606439913,'partner'),(563180870,578988580,'roommate'),(563180870,599360166,'parent'),(565105547,431182005,'roommate'),(565105547,502194007,'partner'),(565105547,580373356,'parent'),(565105547,682690302,'parent'),(568495925,490640738,'roommate'),(568495925,497916095,'parent'),(568495925,656003841,'roommate'),(570886481,266426599,'roommate'),(570886481,324776587,'parent'),(570886481,693441174,'partner'),(571419508,289954956,'roommate'),(571419508,386884571,'roommate'),(571419508,450635885,'roommate'),(572045561,289559623,'roommate'),(572045561,482360086,'roommate'),(572045561,519708605,'roommate'),(573272324,315053343,'roommate'),(573272324,690890159,'roommate'),(578988580,563180870,'roommate'),(578988580,599360166,'dependent'),(581052613,321585201,'roommate'),(581052613,332916886,'roommate'),(581052613,380792065,'partner'),(582019559,225897036,'roommate'),(582019559,245897353,'dependent'),(582854174,248917772,'partner'),(582854174,523439432,'roommate'),(584220755,282195004,'roommate'),(584220755,323377813,'parent'),(584220755,328092673,'partner'),(584220755,696902489,'roommate'),(586572991,291950429,'partner'),(586572991,542853585,'roommate'),(586975485,665593063,'partner'),(591198355,279966198,'roommate'),(591198355,295498336,'roommate'),(591198355,477483382,'parent'),(594474210,312413745,'parent'),(595646164,308179505,'partner'),(595646164,395854765,'parent'),(595646164,695510874,'roommate'),(596387382,254428331,'partner'),(596387382,305122660,'roommate'),(598463622,332553653,'roommate'),(598463622,475441317,'roommate'),(598463622,682619751,'roommate'),(598498435,341942457,'roommate'),(598498435,398621288,'roommate'),(603636799,309152131,'parent'),(603636799,640601714,'partner'),(604379317,480771079,'dependent'),(604379317,523759400,'roommate'),(609609027,333830706,'partner'),(609954743,235441252,'roommate'),(609954743,552789713,'partner'),(610235198,293354554,'roommate'),(610235198,316731679,'roommate'),(610235198,625036841,'dependent'),(613920159,222545693,'partner'),(617774932,217546564,'roommate'),(617774932,300420213,'partner'),(617993594,254564895,'roommate'),(617993594,312581706,'parent'),(617993594,389130256,'partner'),(620669108,228733762,'roommate'),(620669108,576248710,'partner'),(620669108,593878508,'roommate'),(620669108,659958776,'roommate'),(626155483,252587102,'partner'),(626155483,337344367,'dependent'),(628438766,309623499,'roommate'),(628438766,400742807,'roommate'),(628526512,263785884,'roommate'),(628526512,458468122,'roommate'),(628526512,464225799,'roommate'),(628526512,539128799,'dependent'),(628746021,341763143,'partner'),(628746021,533461507,'partner'),(628746021,545954598,'roommate'),(629391055,298595780,'roommate'),(629391055,661542420,'roommate'),(629394313,331354317,'roommate'),(629394313,412570099,'partner'),(636637846,513798891,'roommate'),(639093476,226563893,'dependent'),(639093476,248861715,'dependent'),(639093476,500863484,'roommate'),(639093476,534399042,'partner'),(640601714,309152131,'parent'),(640601714,603636799,'partner'),(641357090,378187003,'parent'),(642584138,324772103,'parent'),(642584138,345514976,'roommate'),(642584138,446565128,'roommate'),(642584138,585740150,'parent'),(646445058,277406467,'roommate'),(646445058,299584675,'roommate'),(646445058,360838978,'roommate'),(651357987,531293380,'roommate'),(651357987,670562477,'roommate'),(655368305,405288955,'roommate'),(655368305,489222326,'partner'),(655368305,537479482,'roommate'),(655368305,656059344,'roommate'),(656003841,490640738,'partner'),(656003841,497916095,'dependent'),(656003841,568495925,'roommate'),(657411583,382874297,'roommate'),(659691609,262574267,'parent'),(659691609,317575975,'roommate'),(659691609,435516693,'partner'),(659958776,228733762,'roommate'),(659958776,576248710,'roommate'),(659958776,593878508,'roommate'),(659958776,620669108,'roommate'),(660649090,207716654,'roommate'),(660649090,557320509,'roommate'),(661542420,298595780,'roommate'),(661542420,629391055,'roommate'),(661554617,342519984,'partner'),(661554617,493066344,'roommate'),(663615868,316697342,'roommate'),(663615868,485027358,'roommate'),(665380015,391351162,'roommate'),(665380015,401746050,'roommate'),(665560857,272476590,'roommate'),(665560857,426006420,'roommate'),(665560857,498965850,'dependent'),(669171312,294744928,'roommate'),(669171312,546406204,'roommate'),(669171312,654616209,'partner'),(669171312,671877084,'partner'),(670562477,531293380,'partner'),(670562477,651357987,'roommate'),(671877084,294744928,'roommate'),(671877084,546406204,'roommate'),(671877084,654616209,'dependent'),(671877084,669171312,'partner'),(672277101,215933091,'parent'),(672277101,501333003,'dependent'),(672277101,502195232,'partner'),(679395707,405061338,'partner'),(679395707,415374513,'parent'),(679395707,430439016,'roommate'),(681611553,208533304,'partner'),(681611553,530788703,'roommate'),(682619751,332553653,'partner'),(682619751,475441317,'roommate'),(682619751,598463622,'roommate'),(682730390,311590395,'roommate'),(684281834,266690394,'partner'),(684996154,425825550,'roommate'),(689179184,236569667,'parent'),(689179184,313131211,'roommate'),(689179184,512274629,'roommate'),(693225700,226194735,'roommate'),(693441174,266426599,'parent'),(693441174,324776587,'dependent'),(693441174,570886481,'partner'),(694466010,308616311,'dependent'),(694466010,509339934,'roommate'),(694466010,621804641,'roommate'),(695381047,528809459,'partner'),(695510874,308179505,'roommate'),(695510874,395854765,'parent'),(695510874,595646164,'roommate'),(696511034,321872488,'roommate'),(696511034,436899010,'dependent'),(696511034,528690092,'roommate'),(696511034,539226792,'roommate'),(698465573,337546300,'dependent'),(698465573,412546185,'roommate'),(698465573,589502699,'partner'),(698627904,513198868,'partner'),(698627904,576072281,'roommate'),(699371977,339742328,'roommate'),(699371977,384829447,'roommate'),(699371977,547611883,'roommate'),(699371977,550042129,'roommate');
/*!40000 ALTER TABLE `ResidesWith` ENABLE KEYS */;
UNLOCK TABLES;

--
-- Table structure for table `Schedules`
--

DROP TABLE IF EXISTS `Schedules`;
/*!40101 SET @saved_cs_client     = @@character_set_client */;
/*!50503 SET character_set_client = utf8mb4 */;
CREATE TABLE `Schedules` (
  `ESSN` int NOT NULL,
  `FID` int NOT NULL,
  `Date` date NOT NULL,
  `StartTime` time NOT NULL,
  `EndTime` time NOT NULL,
  PRIMARY KEY (`ESSN`,`FID`,`Date`,`StartTime`),
  KEY `FID` (`FID`),
  CONSTRAINT `Schedules_ibfk_1` FOREIGN KEY (`ESSN`) REFERENCES `Employees` (`SSN`),
  CONSTRAINT `Schedules_ibfk_2` FOREIGN KEY (`FID`) REFERENCES `Facilities` (`FID`),
  CONSTRAINT `Schedules_chk_1` CHECK ((`StartTime` < `EndTime`))
) ENGINE=InnoDB DEFAULT CHARSET=utf8mb3 COLLATE=utf8mb3_unicode_ci;
/*!40101 SET character_set_client = @saved_cs_client */;

--
-- Dumping data for table `Schedules`
--

LOCK TABLES `Schedules` WRITE;
/*!40000 ALTER TABLE `Schedules` DISABLE KEYS */;
/*!40000 ALTER TABLE `Schedules` ENABLE KEYS */;
UNLOCK TABLES;

--
-- Table structure for table `Vaccinations`
--

DROP TABLE IF EXISTS `Vaccinations`;
/*!40101 SET @saved_cs_client     = @@character_set_client */;
/*!50503 SET character_set_client = utf8mb4 */;
CREATE TABLE `Vaccinations` (
  `SSN` int NOT NULL,
  `TypeID` int NOT NULL,
  `Date` date NOT NULL,
  `NoOfDose` int DEFAULT NULL,
  `FID` int DEFAULT NULL,
  PRIMARY KEY (`SSN`,`TypeID`,`Date`),
  KEY `FID` (`FID`),
  KEY `TypeID` (`TypeID`),
  CONSTRAINT `vaccinations_ibfk_1` FOREIGN KEY (`SSN`) REFERENCES `Persons` (`SSN`),
  CONSTRAINT `Vaccinations_ibfk_2` FOREIGN KEY (`FID`) REFERENCES `Facilities` (`FID`),
  CONSTRAINT `Vaccinations_ibfk_3` FOREIGN KEY (`TypeID`) REFERENCES `VaccineTypes` (`TypeID`)
) ENGINE=InnoDB DEFAULT CHARSET=utf8mb3 COLLATE=utf8mb3_unicode_ci;
/*!40101 SET character_set_client = @saved_cs_client */;

--
-- Dumping data for table `Vaccinations`
--

LOCK TABLES `Vaccinations` WRITE;
/*!40000 ALTER TABLE `Vaccinations` DISABLE KEYS */;
INSERT INTO `Vaccinations` VALUES (202078693,8,'2024-08-22',NULL,NULL),(202149819,9,'2023-07-15',1,1),(207716654,9,'2023-09-03',1,6),(208533304,4,'2023-08-24',1,6),(208533304,4,'2023-09-23',2,6),(208533304,4,'2023-10-23',3,6),(210967397,2,'2023-06-21',1,1),(210967397,2,'2023-07-21',2,1),(211613017,9,'2023-06-01',1,9),(211613017,9,'2023-07-01',2,9),(212445979,8,'2024-02-05',1,1),(215036511,10,'2023-01-29',1,10),(215036511,10,'2023-02-28',2,10),(215933091,3,'2023-06-01',1,6),(219272004,7,'2023-04-07',1,9),(219272004,7,'2023-05-07',2,9),(222545693,3,'2024-01-21',1,4),(222893560,10,'2023-01-24',1,6),(222893560,10,'2023-02-23',2,6),(222893560,10,'2023-03-25',3,6),(225763555,8,'2023-08-25',1,9),(225763555,8,'2023-09-24',2,9),(225763555,8,'2023-10-24',3,9),(225999716,6,'2023-06-23',1,7),(226221732,6,'2023-02-05',1,3),(226221732,6,'2023-03-07',2,3),(226221732,6,'2023-04-06',3,3),(226563893,9,'2023-08-05',1,10),(228543186,6,'2023-08-11',1,4),(228615155,7,'2023-10-04',1,1),(228615155,7,'2023-11-03',2,1),(228615155,7,'2023-12-03',3,1),(228733762,1,'2024-02-06',1,4),(235222236,7,'2023-06-17',1,6),(235222236,7,'2023-07-17',2,6),(235222236,7,'2023-08-16',3,6),(235242870,9,'2023-03-25',1,1),(235242870,9,'2023-04-24',2,1),(235242870,9,'2023-05-24',3,1),(236569667,7,'2023-06-06',1,6),(241659878,5,'2023-10-10',1,3),(241659878,5,'2023-11-09',2,3),(245031258,4,'2022-12-27',1,6),(245031258,4,'2023-01-26',2,6),(245031258,4,'2023-02-25',3,6),(245897353,8,'2023-08-19',1,1),(245897353,8,'2023-09-18',2,1),(246500097,3,'2023-10-22',1,7),(247154731,1,'2023-07-14',1,5),(247154731,1,'2023-08-13',2,5),(248144235,3,'2023-03-17',1,2),(248144235,3,'2023-04-16',2,2),(248198575,8,'2023-08-16',1,8),(248861715,8,'2023-06-29',1,7),(248861715,8,'2023-07-29',2,7),(248917772,10,'2023-01-04',1,7),(248917772,10,'2023-02-03',2,7),(248917772,10,'2023-03-05',3,7),(251227589,9,'2023-10-31',1,8),(251227589,9,'2023-11-30',2,8),(259271285,5,'2023-07-15',1,1),(259271285,5,'2023-08-14',2,1),(259271285,5,'2023-09-13',3,1),(266426599,8,'2023-03-15',1,5),(266426599,8,'2023-04-14',2,5),(266585713,4,'2023-03-01',1,6),(266585713,4,'2023-03-31',2,6),(266690394,10,'2023-04-30',1,7),(266690394,10,'2023-05-30',2,7),(266690394,10,'2023-06-29',3,7),(267108217,2,'2023-09-01',1,3),(269441580,10,'2023-12-29',1,7),(270879179,1,'2023-04-01',1,9),(270879179,1,'2023-05-01',2,9),(270879179,1,'2023-05-31',3,9),(272476590,9,'2023-03-07',1,3),(272476590,9,'2023-04-06',2,3),(279966198,8,'2023-05-27',1,10),(279966198,8,'2023-06-26',2,10),(281415463,4,'2023-03-15',1,9),(281415463,4,'2023-04-14',2,9),(282195004,6,'2023-08-25',1,6),(282195004,6,'2023-09-24',2,6),(282195004,6,'2023-10-24',3,6),(283476908,1,'2023-09-23',1,6),(283476908,1,'2023-10-23',2,6),(289559623,5,'2023-05-16',1,1),(289954956,3,'2023-03-20',1,8),(289954956,3,'2023-04-19',2,8),(289954956,3,'2023-05-19',3,8),(290450619,1,'2023-07-24',1,3),(290450619,1,'2023-08-23',2,3),(290450619,1,'2023-09-22',3,3),(291950429,5,'2023-07-16',1,8),(291950429,5,'2023-08-15',2,8),(292103448,8,'2024-01-10',1,4),(293354554,2,'2023-09-21',1,7),(294209324,4,'2023-10-10',1,2),(294209324,4,'2023-11-09',2,2),(294277033,10,'2023-10-18',1,2),(294277033,10,'2023-11-17',2,2),(294744928,9,'2023-11-09',1,2),(294744928,9,'2023-12-09',2,2),(294744928,9,'2024-01-08',3,2),(295498336,10,'2023-08-31',1,2),(298097829,10,'2023-07-02',1,3),(298097829,10,'2023-08-01',2,3),(298097829,10,'2023-08-31',3,3),(298595780,6,'2023-02-05',1,10),(298595780,6,'2023-03-07',2,10),(298595780,6,'2023-04-06',3,10),(306635426,4,'2023-03-31',1,5),(308616311,1,'2023-04-10',1,1),(308616311,1,'2023-05-10',2,1),(308616311,1,'2023-06-09',3,1),(309152131,4,'2023-09-13',1,7),(309152131,4,'2023-10-13',2,7),(309152131,4,'2023-11-12',3,7),(312413745,3,'2023-10-28',1,10),(312413745,3,'2023-11-27',2,10),(312413745,3,'2023-12-27',3,10),(312581706,4,'2023-11-21',1,5),(312581706,4,'2023-12-21',2,5),(313131211,6,'2023-05-17',1,8),(313131211,6,'2023-06-16',2,8),(313131211,6,'2023-07-16',3,8),(314817060,2,'2023-10-22',1,8),(314817060,2,'2023-11-21',2,8),(316697342,6,'2023-08-12',1,4),(316697342,6,'2023-09-11',2,4),(316731679,1,'2023-07-01',1,7),(316731679,1,'2023-07-31',2,7),(318877091,5,'2023-12-16',1,1),(321387930,6,'2023-11-04',1,7),(321387930,6,'2023-12-04',2,7),(321872488,4,'2023-12-25',1,7),(321872488,4,'2024-01-24',2,7),(324533253,9,'2023-08-02',1,6),(324533253,9,'2023-09-01',2,6),(324533253,9,'2023-10-01',3,6),(324776587,9,'2023-09-20',1,4),(324776587,9,'2023-10-20',2,4),(324776587,9,'2023-11-19',3,4),(325071345,8,'2024-02-02',1,6),(328092673,1,'2023-02-05',1,9),(328092673,1,'2023-03-07',2,9),(333482117,5,'2023-10-30',1,2),(333482117,5,'2023-11-29',2,2),(333482117,5,'2023-12-29',3,2),(337546300,7,'2023-11-27',1,9),(337546300,7,'2023-12-27',2,9),(337546300,7,'2024-01-26',3,9),(338003334,2,'2023-07-07',1,8),(338003334,2,'2023-08-06',2,8),(338003334,2,'2023-09-05',3,8),(338894763,5,'2023-10-25',1,10),(338894763,5,'2023-11-24',2,10),(338894763,5,'2023-12-24',3,10),(339061622,1,'2023-07-07',1,4),(339742328,8,'2023-04-12',1,3),(339742328,8,'2023-05-12',2,3),(339742328,8,'2023-06-11',3,3),(342519984,5,'2023-06-29',1,2),(342519984,5,'2023-07-29',2,2),(342519984,5,'2023-08-28',3,2),(344468602,6,'2024-01-14',1,8),(346004716,10,'2023-07-01',1,1),(346004716,10,'2023-07-31',2,1),(349279434,2,'2023-11-24',1,5),(349279434,2,'2023-12-24',2,5),(349279434,2,'2024-01-23',3,5),(349328589,1,'2023-11-14',1,10),(349328589,1,'2023-12-14',2,10),(353820859,10,'2023-06-24',1,8),(353820859,10,'2023-07-24',2,8),(353820859,10,'2023-08-23',3,8),(363306139,6,'2023-12-24',1,3),(363306139,6,'2024-01-23',2,3),(363532985,6,'2023-08-20',1,2),(363532985,6,'2023-09-19',2,2),(368881929,7,'2023-05-28',1,9),(368881929,7,'2023-06-27',2,9),(369468976,4,'2024-01-15',1,8),(369468976,4,'2024-02-14',2,8),(378187003,7,'2023-03-26',1,4),(378187003,7,'2023-04-25',2,4),(378187003,7,'2023-05-25',3,4),(378769452,9,'2023-07-25',1,2),(382874297,7,'2023-11-21',1,1),(382874297,7,'2023-12-21',2,1),(382874297,7,'2024-01-20',3,1),(384829447,4,'2023-11-30',1,6),(384829447,4,'2023-12-30',2,6),(384829447,4,'2024-01-29',3,6),(389277125,6,'2023-07-19',1,4),(389277125,6,'2023-08-18',2,4),(390832764,5,'2023-06-17',1,8),(391351162,5,'2023-06-04',1,6),(391351162,5,'2023-07-04',2,6),(391351162,5,'2023-08-03',3,6),(394883744,7,'2023-07-22',1,8),(394883744,7,'2023-08-21',2,8),(401746050,10,'2023-09-15',1,10),(401746050,10,'2023-10-15',2,10),(401746050,10,'2023-11-14',3,10),(404347371,10,'2024-01-08',1,5),(404347371,10,'2024-02-07',2,5),(405061338,7,'2023-03-10',1,7),(405061338,7,'2023-04-09',2,7),(405061338,7,'2023-05-09',3,7),(405288955,1,'2023-03-07',1,10),(405288955,1,'2023-04-06',2,10),(405288955,1,'2023-05-06',3,10),(409301798,6,'2023-02-20',1,2),(409301798,6,'2023-03-22',2,2),(409947114,4,'2023-10-16',1,1),(409947114,4,'2023-11-15',2,1),(412570099,9,'2023-11-26',1,9),(415374513,9,'2023-04-09',1,3),(425642925,6,'2023-07-15',1,1),(425642925,6,'2023-08-14',2,1),(425825550,2,'2023-03-03',1,2),(425825550,2,'2023-04-02',2,2),(425825550,2,'2023-05-02',3,2),(428224694,8,'2023-04-21',1,2),(434484757,9,'2023-12-14',1,10),(434484757,9,'2024-01-13',2,10),(436899010,5,'2023-05-28',1,4),(436899010,5,'2023-06-27',2,4),(443090111,1,'2023-09-12',1,5),(443090111,1,'2023-10-12',2,5),(443411171,10,'2023-05-20',1,10),(444668001,9,'2024-01-01',1,7),(444668001,9,'2024-01-31',2,7),(446794508,9,'2023-07-08',1,8),(446794508,9,'2023-08-07',2,8),(446794508,9,'2023-09-06',3,8),(450635885,1,'2023-02-25',1,8),(450635885,1,'2023-03-27',2,8),(450635885,1,'2023-04-26',3,8),(453534111,3,'2023-06-03',1,8),(453534111,3,'2023-07-03',2,8),(453534111,3,'2023-08-02',3,8),(453682570,10,'2023-12-25',1,6),(453682570,10,'2024-01-24',2,6),(455247264,9,'2023-07-24',1,7),(455432194,6,'2023-02-18',1,8),(455432194,6,'2023-03-20',2,8),(455432194,6,'2023-04-19',3,8),(457766347,1,'2023-08-24',1,9),(457766347,1,'2023-09-23',2,9),(458939432,7,'2023-04-28',1,2),(458939432,7,'2023-05-28',2,2),(467095881,4,'2023-09-14',1,4),(473474495,1,'2023-07-12',1,2),(475441317,6,'2023-11-05',1,2),(475441317,6,'2023-12-05',2,2),(477150190,8,'2023-01-01',1,6),(477150190,8,'2023-01-31',2,6),(477150190,8,'2023-03-02',3,6),(477483382,8,'2023-06-08',1,3),(478841733,5,'2023-09-16',1,4),(478841733,5,'2023-10-16',2,4),(478841733,5,'2023-11-15',3,4),(478842372,3,'2023-04-13',1,1),(480505729,2,'2023-09-25',1,3),(480771079,2,'2023-11-18',1,6),(480771079,2,'2023-12-18',2,6),(480771079,2,'2024-01-17',3,6),(481534852,2,'2023-10-01',1,2),(481534852,2,'2023-10-31',2,2),(482360086,8,'2022-12-25',1,10),(482360086,8,'2023-01-24',2,10),(482360086,8,'2023-02-23',3,10),(488303403,8,'2024-01-21',1,6),(488681249,6,'2023-05-23',1,3),(489222326,1,'2023-07-17',1,1),(489222326,1,'2023-08-16',2,1),(492022006,3,'2023-06-17',1,5),(492022006,3,'2023-07-17',2,5),(492022006,3,'2023-08-16',3,5),(492884766,10,'2023-05-14',1,6),(492884766,10,'2023-06-13',2,6),(492884766,10,'2023-07-13',3,6),(493066344,2,'2023-07-19',1,5),(493066344,2,'2023-08-18',2,5),(496926997,3,'2023-03-13',1,10),(496926997,3,'2023-04-12',2,10),(497916095,4,'2023-10-29',1,7),(497916095,4,'2023-11-28',2,7),(497916095,4,'2023-12-28',3,7),(499698344,10,'2023-12-24',1,4),(499698344,10,'2024-01-23',2,4),(501333003,10,'2023-01-19',1,7),(501333003,10,'2023-02-18',2,7),(501333003,10,'2023-03-20',3,7),(502194007,9,'2023-10-20',1,5),(504534514,2,'2023-06-19',1,4),(512274629,6,'2023-11-05',1,7),(514287936,3,'2023-05-19',1,3),(515226408,6,'2023-03-31',1,6),(515226408,6,'2023-04-30',2,6),(515226408,6,'2023-05-30',3,6),(515335448,2,'2023-11-22',1,8),(515335448,2,'2023-12-22',2,8),(515335448,2,'2024-01-21',3,8),(517692168,8,'2023-09-19',1,10),(522415042,1,'2023-01-24',1,5),(522415042,1,'2023-02-23',2,5),(522415042,1,'2023-03-25',3,5),(523759400,7,'2023-04-28',1,9),(523759400,7,'2023-05-28',2,9),(531293380,6,'2023-07-25',1,8),(531293380,6,'2023-08-24',2,8),(531293380,6,'2023-09-23',3,8),(536768187,7,'2023-07-21',1,8),(537479482,6,'2023-07-16',1,7),(537479482,6,'2023-08-15',2,7),(537479482,6,'2023-09-14',3,7),(537738739,7,'2022-12-23',1,9),(537738739,7,'2023-01-22',2,9),(537738739,7,'2023-02-21',3,9),(539226792,2,'2023-08-04',1,4),(539226792,2,'2023-09-03',2,4),(539226792,2,'2023-10-03',3,4),(539627600,2,'2023-09-29',1,7),(539627600,2,'2023-10-29',2,7),(539627600,2,'2023-11-28',3,7),(542853585,6,'2023-03-21',1,1),(542853585,6,'2023-04-20',2,1),(542853585,6,'2023-05-20',3,1),(545954598,3,'2023-01-02',1,9),(545954598,3,'2023-02-01',2,9),(545954598,3,'2023-03-03',3,9),(546406204,4,'2023-03-14',1,4),(546406204,4,'2023-04-13',2,4),(551431150,2,'2023-06-12',1,1),(554418691,5,'2023-04-02',1,6),(554418691,5,'2023-05-02',2,6),(554418691,5,'2023-06-01',3,6),(561640437,10,'2023-04-02',1,6),(561640437,10,'2023-05-02',2,6),(561881831,6,'2023-03-01',1,6),(561881831,6,'2023-03-31',2,6),(566000473,4,'2023-10-18',1,10),(568495925,4,'2023-04-17',1,7),(568495925,4,'2023-05-17',2,7),(576248710,5,'2023-11-30',1,8),(576248710,5,'2023-12-30',2,8),(576248710,5,'2024-01-29',3,8),(577651506,8,'2023-04-20',1,8),(578627435,4,'2023-02-28',1,5),(580373356,5,'2024-02-14',1,8),(581052613,7,'2023-10-28',1,7),(581052613,7,'2023-11-27',2,7),(582019559,2,'2023-10-07',1,5),(582019559,2,'2023-11-06',2,5),(582019559,2,'2023-12-06',3,5),(586572991,7,'2023-03-09',1,8),(586572991,7,'2023-04-08',2,8),(586572991,7,'2023-05-08',3,8),(591198355,4,'2023-03-21',1,5),(593878508,2,'2023-01-25',1,4),(593878508,2,'2023-02-24',2,4),(598498435,9,'2023-03-20',1,7),(598498435,9,'2023-04-19',2,7),(598498435,9,'2023-05-19',3,7),(601913605,10,'2023-07-22',1,2),(601913605,10,'2023-08-21',2,2),(603636799,4,'2023-08-12',1,7),(603636799,4,'2023-09-11',2,7),(604379317,10,'2023-11-04',1,3),(605589929,8,'2023-10-09',1,6),(605589929,8,'2023-11-08',2,6),(610235198,9,'2023-03-30',1,8),(610235198,9,'2023-04-29',2,8),(610235198,9,'2023-05-29',3,8),(613621043,10,'2023-12-27',1,10),(613920159,9,'2023-09-19',1,8),(621804641,10,'2024-01-12',1,10),(621804641,10,'2024-02-11',2,10),(622567911,6,'2023-12-09',1,3),(622567911,6,'2024-01-08',2,3),(626155483,4,'2023-08-31',1,9),(626747788,6,'2023-05-13',1,6),(626747788,6,'2023-06-12',2,6),(626747788,6,'2023-07-12',3,6),(627458346,2,'2024-01-02',1,8),(627458346,2,'2024-02-01',2,8),(628526512,2,'2023-03-15',1,8),(628746021,3,'2023-11-11',1,7),(628746021,3,'2023-12-11',2,7),(628746021,3,'2024-01-10',3,7),(636637846,9,'2023-07-05',1,8),(636637846,9,'2023-08-04',2,8),(636637846,9,'2023-09-03',3,8),(639093476,7,'2023-10-14',1,9),(639093476,7,'2023-11-13',2,9),(639093476,7,'2023-12-13',3,9),(640560246,7,'2023-04-07',1,1),(640560246,7,'2023-05-07',2,1),(640560246,7,'2023-06-06',3,1),(640601714,6,'2024-02-06',1,10),(640902787,5,'2023-03-07',1,6),(640902787,5,'2023-04-06',2,6),(640902787,5,'2023-05-06',3,6),(641184895,7,'2023-03-13',1,8),(641184895,7,'2023-04-12',2,8),(646445058,3,'2023-01-30',1,1),(646445058,3,'2023-03-01',2,1),(646445058,3,'2023-03-31',3,1),(651357987,9,'2023-06-19',1,8),(654616209,1,'2023-02-28',1,9),(654616209,1,'2023-03-30',2,9),(654616209,1,'2023-04-29',3,9),(656003841,6,'2023-01-28',1,3),(656003841,6,'2023-02-27',2,3),(659152394,8,'2023-03-16',1,10),(659152394,8,'2023-04-15',2,10),(659691609,2,'2023-05-18',1,4),(659691609,2,'2023-06-17',2,4),(660649090,9,'2023-01-28',1,10),(660649090,9,'2023-02-27',2,10),(661542420,10,'2023-07-25',1,4),(661542420,10,'2023-08-24',2,4),(665380015,5,'2023-08-07',1,3),(665380015,5,'2023-09-06',2,3),(665380015,5,'2023-10-06',3,3),(665593063,7,'2023-06-28',1,6),(670562477,3,'2023-06-10',1,7),(670562477,3,'2023-07-10',2,7),(670562477,3,'2023-08-09',3,7),(672277101,10,'2023-09-18',1,10),(675257681,2,'2023-12-19',1,2),(681611553,4,'2023-03-28',1,7),(681611553,4,'2023-04-27',2,7),(682619751,2,'2023-08-09',1,9),(686298044,4,'2023-06-01',1,7),(686939458,7,'2023-07-25',1,1),(686939458,7,'2023-08-24',2,1),(689179184,6,'2023-09-20',1,3),(689179184,6,'2023-10-20',2,3),(689179184,6,'2023-11-19',3,3),(690652345,5,'2023-09-20',1,6),(690652345,5,'2023-10-20',2,6),(690890159,3,'2023-09-01',1,4),(690890159,3,'2023-10-01',2,4),(692706101,2,'2024-01-09',1,3),(692706101,2,'2024-02-08',2,3),(693441174,4,'2023-07-28',1,3),(693441174,4,'2023-08-27',2,3),(693441174,4,'2023-09-26',3,3),(694466010,5,'2023-11-27',1,10),(694466010,5,'2023-12-27',2,10),(694466010,5,'2024-01-26',3,10),(695510874,3,'2023-10-12',1,5),(695510874,3,'2023-11-11',2,5),(695510874,3,'2023-12-11',3,5),(696511034,1,'2003-12-12',NULL,NULL),(696511034,4,'2023-05-30',1,10),(696902489,9,'2024-01-09',1,7),(698465573,2,'2023-12-02',1,4),(698465573,2,'2024-01-01',2,4),(698627904,10,'2023-03-05',1,4),(699371977,10,'2023-11-15',1,7),(699371977,10,'2023-12-15',2,7);
/*!40000 ALTER TABLE `Vaccinations` ENABLE KEYS */;
UNLOCK TABLES;

--
-- Table structure for table `VaccineTypes`
--

DROP TABLE IF EXISTS `VaccineTypes`;
/*!40101 SET @saved_cs_client     = @@character_set_client */;
/*!50503 SET character_set_client = utf8mb4 */;
CREATE TABLE `VaccineTypes` (
  `TypeID` int NOT NULL AUTO_INCREMENT,
  `TypeName` varchar(50) COLLATE utf8mb3_unicode_ci NOT NULL,
  PRIMARY KEY (`TypeID`),
  UNIQUE KEY `TypeName` (`TypeName`)
) ENGINE=InnoDB AUTO_INCREMENT=12 DEFAULT CHARSET=utf8mb3 COLLATE=utf8mb3_unicode_ci;
/*!40101 SET character_set_client = @saved_cs_client */;

--
-- Dumping data for table `VaccineTypes`
--

LOCK TABLES `VaccineTypes` WRITE;
/*!40000 ALTER TABLE `VaccineTypes` DISABLE KEYS */;
INSERT INTO `VaccineTypes` VALUES (9,'Actemra'),(3,'AstraZeneca'),(8,'Bamlanivimab'),(10,'Comirnaty'),(6,'Janssen'),(4,'Johnson & Johnson'),(7,'Medicago'),(2,'Moderna'),(5,'Novavax'),(1,'Pfizer');
/*!40000 ALTER TABLE `VaccineTypes` ENABLE KEYS */;
UNLOCK TABLES;
/*!40103 SET TIME_ZONE=@OLD_TIME_ZONE */;

/*!40101 SET SQL_MODE=@OLD_SQL_MODE */;
/*!40014 SET FOREIGN_KEY_CHECKS=@OLD_FOREIGN_KEY_CHECKS */;
/*!40014 SET UNIQUE_CHECKS=@OLD_UNIQUE_CHECKS */;
/*!40101 SET CHARACTER_SET_CLIENT=@OLD_CHARACTER_SET_CLIENT */;
/*!40101 SET CHARACTER_SET_RESULTS=@OLD_CHARACTER_SET_RESULTS */;
/*!40101 SET COLLATION_CONNECTION=@OLD_COLLATION_CONNECTION */;
/*!40111 SET SQL_NOTES=@OLD_SQL_NOTES */;

-- Dump completed on 2024-04-08  0:37:00
